animal_id,yr,animal_yr,avg_biom_herd,avg_dn_herd,avg_de_herd,avg_mosq_herd,alive_june1,Next_Yr_Calf_Present,Current_Calf_Present,avg_dist_m,avg_sinuosity,avg_biom,avg_dn,avg_de,HR_area_km2,centroid_x,centroid_y,resource_vol,move_vol,avg_dist_m_unscaled,avg_sinuosity_unscaled,avg_biom_unscaled,avg_dn_unscaled,avg_de_unscaled,HR_area_km2_unscaled,centroid_x_unscaled,centroid_y_unscaled,resource_vol_unscaled,move_vol_unscaled
1311,2019,1311_2019,0.2559900230674113,0.1312868592727756,0.727219441381381,0.38473190685408903,1,1,1,-0.8108149766885289,1.1687748950878307,0.04678779661007803,0.5249873863227575,0.7839956323515404,-0.802847037615758,2.4680861809291152,-1.5109626347256178,-0.2618959428089051,3.1905790657962836,11113.582605353047,0.0503046206101715,33.70586885773127,1.1796030948752532,10.71655941748363,680.8806994296134,-146.25575580992313,70.01958359087718,4.910342717298796,16.735899121904218
1407,2017,1407_2017,-0.39290908841882816,0.8720871165243094,-0.10680811517783818,0.9842994238102594,1,1,1,-0.19096350340380364,0.7661319840739587,0.557860862551347,0.14076482762824327,0.40298206550722876,-0.5788923713323628,-0.199173063635394,0.5733060678285362,0.5618459952501429,0.19465823102502092,12764.325996917163,0.04740095268545255,41.00445359167292,1.0846997579582733,10.509498595875758,736.8461840084971,-149.23411212738912,70.25906142621902,11.949197298905204,7.28500324430992
1422,2017,1422_2017,-0.39290908841882816,0.8720871165243094,-0.10680811517783818,0.9842994238102594,1,1,0,-1.5437381841061242,0.4015710016480569,1.5840984206494744,-0.5960508504161762,-0.718357663890724,1.8095978801856307,-0.2789344757961679,0.5709945241086892,0.2090445182892016,-0.24447249650202557,9161.714789733893,0.04477191339947926,55.66005231929847,0.9027055856828263,9.900109466785866,1333.7215095218871,-149.32317655046054,70.25879583499,8.934517363638854,5.899726726204857
1422,2018,1422_2018,-1.0786737894233973,0.2853942487002068,-1.761855206375396,-0.9002796531579359,1,0,1,-1.794080619990884,0.34523779574223995,0.727919489291778,-0.33122123265003595,0.394599562100297,-0.8628583954798598,-0.5390007680162461,-1.5175841098821983,-0.17875403675485768,-0.42808343048335196,8495.021009891885,0.044365665285801,43.433044295659315,0.9681187527957906,10.50494314642826,665.8840718583384,-149.61357580054172,70.01882279811791,5.620788257720062,5.320509879449344
1422,2019,1422_2019,0.2559900230674113,0.1312868592727756,0.727219441381381,0.38473190685408903,1,1,0,-1.0890158648032024,-0.8132818692044756,0.9864677153043224,-0.5954969938412364,-0.08325846425123175,2.497759521195,-0.49720991692947825,0.37880906941847126,1.25336989172983,-0.16551016328378776,10372.69822034229,0.03601097605808969,47.125346357963075,0.9028423887828676,10.245252457805893,1505.69068679705,-149.56691065331233,70.23671415395866,17.8582519701965,6.148820354059162
1422,2020,1422_2020,-0.11804797647289467,0.020043435696366286,0.754992210519544,-1.5603343540484873,0,NA,1,-1.1990400043384573,-0.6334192504313625,0.5315143561061015,-0.6710124724002681,0.6119294544417244,0.009217724763774329,-0.7780794942356222,0.7223521437553296,-0.408687388113499,1.3229846114473593,10079.689928714139,0.0373080591625019,40.628201696300955,0.8841899938571631,10.623050505283947,883.8128315893271,-149.88053958970406,70.27618648863799,3.6560134309236725,10.84440809024222
1426,2019,1426_2019,0.2559900230674113,0.1312868592727756,0.727219441381381,0.38473190685408903,1,1,1,0.8031267756476734,-0.16381348592011621,1.177587295127015,-1.4580522026913985,-0.6300442155596055,0.8133584044826179,-0.4645806691823403,1.0091084475503727,-0.3373841556220775,-0.28220286640260045,15411.71497554846,0.04069463113080223,49.85470648396029,0.6897904329759542,9.948103178195984,1084.7647633213908,-149.53047567746216,70.30913414976216,4.265297797200058,5.780702954543456
1426,2020,1426_2020,-0.11804797647289467,0.020043435696366286,0.754992210519544,-1.5603343540484873,1,NA,1,-0.33707938121847547,0.9025707071315404,1.0599486905832258,-1.6509128874390413,-0.3263068399604503,-1.087017434051688,-0.9662751100135506,1.036986059818673,-0.22652900607360776,0.06869243062992728,12375.200811125493,0.04838488344145253,48.17472101717742,0.6421536606718133,10.113168456751481,609.8675153623277,-150.09068549221197,70.3123372253696,5.212552321028826,6.887633043517298
1436,2017,1436_2017,-0.39290908841882816,0.8720871165243094,-0.10680811517783818,0.9842994238102594,1,1,0,-1.1564180168969693,0.07080254548073393,0.9403293563547184,-1.7294167099565725,-1.136315093489489,0.5574568138491036,2.296037093427834,-1.1773336713515667,-0.7285356986414784,-0.2833023885640929,10193.197707814063,0.0423865696360353,46.46644894246633,0.6227631419501483,9.67297160005159,1020.8158545445184,-146.4478719260142,70.05791681627093,0.9229174915767643,5.777234415140556
1443,2018,1443_2018,-1.0786737894233973,0.2853942487002068,-1.761855206375396,-0.9002796531579359,1,1,0,-1.579452504465089,3.010199425449864,-0.3299603565049144,-2.3535531524938036,-0.42863551372825126,-1.2909368106629928,0.369564554839934,-2.080633702835377,-0.508122803702901,4.422872866892765,9066.603007544607,0.06358409281331845,28.325565135793813,0.4686008478632712,10.057558207909443,558.9087793088709,-148.59903952152283,69.9541296529657,2.806340252640952,20.62327834421165
1443,2019,1443_2019,0.2559900230674113,0.1312868592727756,0.727219441381381,0.38473190685408903,1,1,1,0.7377691239769809,-0.5632958502853516,-1.276568816140055,0.5886482501217799,-0.9195495498134514,1.4176882251728518,1.9981991034157778,-1.4934836384355836,0.2816977631928118,0.5391479969518074,15237.659227948443,0.037813755555525415,14.807141816442032,1.1953273886961897,9.790772265108163,1235.7846631148627,-146.78044839414022,70.02159188865105,9.555337552742412,8.371726521802486
1443,2020,1443_2020,-0.11804797647289467,0.020043435696366286,0.754992210519544,-1.5603343540484873,0,NA,1,0.010305047055540965,-0.5890142800722001,-1.1893236470798632,0.9671407013399337,-0.9157657252998753,0.13727769982169188,-0.5870363129307578,0.2760704588787385,-0.7845009444891288,0.9938522272483438,13300.329771885748,0.037628286551592956,16.053081587969828,1.2888153836242784,9.792828574596275,915.8145696116417,-149.6672139944858,70.22490971625447,0.4446958435765807,9.806131024671243
1453,2019,1453_2019,0.2559900230674113,0.1312868592727756,0.727219441381381,0.38473190685408903,1,1,1,-1.8069487265672386,-0.22187659324132197,-1.161278033122278,0.964381067689614,0.7352946832465436,0.6494307837494138,0.5015771942868417,-0.33943792770214765,-0.7599960011179424,-0.2533184430092864,8460.751603738352,0.04027590779623869,16.453598272424443,1.2881337514916582,10.690093014677338,1043.799826611441,-148.45162952398198,70.15418917246254,0.6540899814138559,5.871821409612847
1453,2020,1453_2020,-0.11804797647289467,0.020043435696366286,0.754992210519544,-1.5603343540484873,1,NA,1,-1.9655856111040546,1.7912339548333034,-1.0510732415116597,0.9229348035398315,1.1577568721353109,-0.13874581992985818,0.6137967829208614,-0.30654860310669957,-0.747448036646579,0.7665865145661609,8038.2813828969465,0.05479349737117667,18.02742217992207,1.2778964848826346,10.919678981009376,846.8372614160771,-148.3263211493151,70.1579680826627,0.7613120289123765,9.089201337418489
1506,2019,1506_2019,0.2559900230674113,0.1312868592727756,0.727219441381381,0.38473190685408903,1,1,1,1.2583108965041463,-0.7191868958256181,-0.17824083241577215,0.6597170660014018,0.9076274117802772,0.4213360994840708,-0.01947319819912557,0.2588963192803815,-0.6785417194950768,0.9684975576770266,16623.928242489583,0.03668954396181732,30.49225689897344,1.212881453716815,10.7837467831131,986.7997660785479,-149.03345288117578,70.22293644583601,1.3501148126170808,9.726147488608408
1506,2020,1506_2020,-0.11804797647289467,0.020043435696366286,0.754992210519544,-1.5603343540484873,1,NA,1,0.24342219024726203,-0.8764697849222371,-0.18713977500981308,0.5383521679747357,1.0256443514976967,-0.5148032066638067,1.4131878632544734,-0.8702141165255438,-0.7022670771824004,-1.2900846417948284,13921.150404197573,0.03555529505867136,30.365171965539375,1.1829042086366344,10.847882778857107,752.8618411790105,-147.43369270343402,70.09320416961974,1.1473822152563558,2.601251212827427
1507,2017,1507_2017,-0.39290908841882816,0.8720871165243094,-0.10680811517783818,0.9842994238102594,1,1,1,-0.3661713269596115,3.1094105325568955,0.014368073425604396,0.34568617731875567,1.2519229434056585,-0.6909058196725926,-0.4045157432858899,0.38979801535500913,-0.6839368159509596,2.4910051864279157,12297.725255690517,0.06429955582434516,33.242885944951425,1.135315525958047,10.970853284975279,708.8544166577781,-149.4634050498633,70.23797675939065,1.3040138462195476,14.529031765510954
1507,2018,1507_2018,-1.0786737894233973,0.2853942487002068,-1.761855206375396,-0.9002796531579359,1,1,1,-0.4148616458918234,0.8972588710479669,-0.11018320303827067,0.4063346655538414,1.3039968478977788,-0.39075785582573525,0.11108292846658092,-1.1517356753110646,-0.6832696095828078,0.918296743925577,12168.056737223387,0.04834657702245114,31.464181282990918,1.1502957601536556,10.999152711522665,783.860338708084,-148.8876692774893,70.06085796904713,1.3097151082099323,9.56778460457323
1507,2019,1507_2019,0.2559900230674113,0.1312868592727756,0.727219441381381,0.38473190685408903,1,0,1,1.3944759158965456,-1.2120931818057272,1.7990600356685318,-0.6756386309571608,-1.454124369912724,1.6495892918936543,-0.3157462251616481,0.3092887236505784,-0.11581281391539862,-0.06391824457560868,16986.55302538004,0.033134939786894996,58.72989823041489,0.8830473282998677,9.500258983973833,1293.7359252554186,-149.36428185602958,70.22872642094885,6.158619457378709,6.469301000467608
1507,2020,1507_2020,-0.11804797647289467,0.020043435696366286,0.754992210519544,-1.5603343540484873,1,NA,0,0.9136115721767061,-1.1057455301009675,1.0095497790772205,-0.5257828229091167,-0.2847117635536114,0.037247613800797365,-0.7994766975168406,0.3965086983511826,0.1368231942770953,-0.8720570791909207,15705.950055400937,0.03390186814121949,47.45497906511908,0.9200618552148716,10.135773191714007,890.8174024191408,-149.9044324661459,70.23874780193215,8.317387927920048,3.919955940362626
1509,2015,1509_2015,2.4943481240451852,-2.7006364869865735,0.5855930365154589,0.9315060313652197,1,NA,1,0.8463087458023765,-0.8829760496523038,1.7533471773209277,-0.797299234865285,-1.1013902655599215,0.09725893544520207,-0.46036961907707813,0.34685884657966964,0.13661643170786364,-0.8964971887494375,15526.714059909516,0.03550837499205736,58.07707734761963,0.8529970435861169,9.69195140600838,905.8140209392407,-149.5257734694898,70.23304314446034,8.315621146856103,3.8428574643302396
1509,2016,1509_2016,0.2845489914447802,0.08590013174867235,0.9843157316210429,0.8889373059061495,0,NA,NA,2.576989755325333,-0.8324162198925525,1.4422219968742713,-0.8982666150716678,-0.23751177631769138,2.1938448483120343,1.7007153201034384,-1.1538548874585342,0.07682851750209381,0.44871434550441613,20135.737934993907,0.03587298828074775,53.63392891409651,0.8280580047803042,10.161423900737038,1429.7434773872446,-147.1126293424967,70.06061447628774,7.804734891843301,8.086445611258933
1512,2015,1512_2015,2.4943481240451852,-2.7006364869865735,0.5855930365154589,0.9315060313652197,1,NA,NA,0.885968193500825,-1.6598452665788406,0.8545853245135775,-0.8291417271893845,0.5326723758061845,0.4093075097748484,-0.8570216144191563,0.5930125127253051,0.464739390309021,-1.3194305434753837,15632.332218489297,0.0299059660952734,45.24194676552266,0.8451319177393208,10.579978454184989,983.7938637544349,-149.96868916228195,70.26132565288057,11.11942375028073,2.5086769838965006
1512,2016,1512_2016,0.2845489914447802,0.08590013174867235,0.9843157316210429,0.8889373059061495,1,1,NA,1.9830458183674615,-0.8487724469198127,1.0741442726122876,-0.8699592206116112,0.4473958509654668,0.6653192097089733,-0.3557281452638916,1.1326069956414562,-0.25503033531980546,0.7451907292240769,18553.989611162116,0.0357550350013298,48.37744674308885,0.8350499580971852,10.533635150864773,1047.7702884588277,-149.40892708673357,70.32332385808934,4.969009164273718,9.021706449990052
1512,2017,1512_2017,-0.39290908841882816,0.8720871165243094,-0.10680811517783818,0.9842994238102594,1,0,1,0.05278818725926951,-0.24644368637279668,1.1772591328646975,-1.1386659933152439,0.10021736589212123,-0.8349643436471744,-0.39739995250754107,0.9690232159314801,1.6320745880128453,-0.6560568079056222,13413.467783113776,0.04009874168110749,49.85002003061806,0.7686791300322914,10.344961915527625,672.8546974478463,-149.45545930538358,70.30452844585963,21.094274276877314,4.601347801508162
1512,2018,1512_2018,-1.0786737894233973,0.2853942487002068,-1.761855206375396,-0.9002796531579359,0,NA,0,-1.1201908836164431,0.05721696140463357,1.1532883667445875,-1.27233520842578,-0.1503935488915074,-1.7191036797202641,-0.43910492694833614,-0.21863465676981436,-0.45150966104565277,-1.2432691999473737,10289.675176103747,0.04228859690724439,49.5076958517007,0.7356627069462396,10.208768072487379,451.91138244690484,-149.50202855970284,70.16806919944257,3.290098162929045,2.7489346433202244
1513,2015,1513_2015,2.4943481240451852,-2.7006364869865735,0.5855930365154589,0.9315060313652197,0,NA,1,0.9471713830734286,-1.127437396913404,1.2692007496898114,-1.5710339654047543,-1.2427636538124596,-0.06678307479378032,-0.5635323756611667,0.4730250537637971,-0.6380369427347802,-1.1322652393886836,15795.324104584586,0.03374543678189928,51.16302931577339,0.6618838302801324,9.615122409688098,864.820498693531,-149.64096866411722,70.24753936088038,1.6962271328759537,3.0991064038904135
1514,2015,1514_2015,2.4943481240451852,-2.7006364869865735,0.5855930365154589,0.9315060313652197,0,NA,0,2.1665974646684703,-0.7658195556811423,1.0795877960422724,-1.4973787985983267,-0.8006985856269679,1.6777497225716445,2.1392410639079356,-1.5260916463226808,-0.4950804221072452,-0.40133664544605074,19042.811014677478,0.036353251542497536,48.4551851716084,0.680076726436093,9.855361509258088,1300.7731179828497,-146.62295593632396,70.01784530111459,2.9177870822948524,5.404884966238722
1516,2015,1516_2015,2.4943481240451852,-2.7006364869865735,0.5855930365154589,0.9315060313652197,1,NA,1,0.8201874397367306,0.2061785641511579,-0.18986442997111594,-2.0833814987938175,-2.449089911100121,0.7335548822051638,2.113201692119309,-1.9990225254295018,0.7047361863197176,0.9206317615785151,15457.149696146067,0.04336283667672317,30.326261433110517,0.5353335029255506,8.959547575358911,1064.8221433729955,-146.6520324228438,69.96350659562233,13.170190463884252,9.575150623212354
1516,2017,1516_2017,-0.39290908841882816,0.8720871165243094,-0.10680811517783818,0.9842994238102594,1,1,1,0.2307892584561268,0.2749871492269448,0.08185722773957253,-2.032621696064833,-0.47152664814198464,-0.17478012225333664,-0.2665275066050526,0.10445383413093214,-0.5833924143939507,0.47081341701086576,13887.507298439046,0.04385905125287642,34.206691991891816,0.5478712224092687,10.034249133629077,837.8324158173543,-149.30932248841304,70.20519134800718,2.1631632822941436,8.156159076773422
1532,2018,1532_2018,-1.0786737894233973,0.2853942487002068,-1.761855206375396,-0.9002796531579359,0,NA,1,-0.727378227425462,0.5599771780758813,-1.41773507622387,1.0870276126765386,-1.0169326105950087,-1.539052978565,-0.692449724300666,-0.5219156138869459,-0.7809778135873622,-0.7789171080375358,11335.785291634851,0.045914262913128084,12.79116018982708,1.3184275645882806,9.737849696646558,496.90542033031744,-149.78492235010927,70.13322289242764,0.47480091039875905,4.213774174541696
1537,2015,1537_2015,2.4943481240451852,-2.7006364869865735,0.5855930365154589,0.9315060313652197,1,0,NA,1.0479314759002745,-0.34009135363960186,-1.4053516556663452,1.237527905941452,-1.2342826475009203,-0.20680622517033717,-0.5472758671570156,0.3747063633330942,-0.7414773774322708,-0.8167899609375482,16063.661060348988,0.039423399534929716,12.968006614063253,1.3556012799639579,9.619731390280242,829.8292051735758,-149.6228160698758,70.2362427621601,0.8123311649112905,4.094300927721811
1537,2016,1537_2016,0.2845489914447802,0.08590013174867235,0.9843157316210429,0.8889373059061495,0,NA,0,0.812561208195117,0.9030572206860711,-1.4736456886792144,1.0831867429588438,-1.2809694878275444,0.41741057267458115,1.6304887544620794,-0.8781068108138168,-0.7208071188033517,4.00631628927955,15436.840070594732,0.04838839194430851,11.99270617272809,1.3174788661201033,9.59435954959653,985.8187907152461,-147.1910468176102,70.09229731661136,0.9889580160292283,19.309213968258238
1538,2015,1538_2015,2.4943481240451852,-2.7006364869865735,0.5855930365154589,0.9315060313652197,1,NA,1,0.5016230064369647,-0.3198773386685553,-1.414647979097168,1.0606484364612292,-1.0038689415045763,-0.050798162326429475,-0.692080996402585,0.7616846771400252,-0.7132723639796974,-0.7487461275039885,14608.772051304362,0.03956917333423347,12.835246723559095,1.3119118830091978,9.744949113282773,868.8150721803557,-149.78451061545434,70.28070570918855,1.053342310504664,4.3089511873112105
1538,2016,1538_2016,0.2845489914447802,0.08590013174867235,0.9843157316210429,0.8889373059061495,1,1,NA,1.0057866517155134,-0.6549396084324468,-1.065102565425879,1.061942078142701,-0.45063665165487093,0.8575122027087266,1.1308053234287903,-0.8257593295656716,-0.7730724558656856,-0.1325621468350102,15951.424027753166,0.037152864642626036,17.827070769973947,1.3122314137331712,10.045601747321635,1095.7986424306364,-147.749011067461,70.09831192570641,0.5423519975141904,6.2527577709683895
1538,2017,1538_2017,-0.39290908841882816,0.8720871165243094,-0.10680811517783818,0.9842994238102594,1,0,1,-0.6590507615897767,1.3846999235595492,-0.8490012689532691,1.104511966047783,-0.5986528723027595,-0.9669642026124217,-0.325969902024876,0.39720720008173344,-0.5916424115695604,0.8886188331307291,11517.750032466838,0.051861768549864774,20.913192361052356,1.3227462164769273,9.96516272119329,639.8683962739016,-149.37569797639185,70.23882805822646,2.0926672595292835,9.474163023678535
1538,2018,1538_2018,-1.0786737894233973,0.2853942487002068,-1.761855206375396,-0.9002796531579359,1,NA,0,-0.8566481105693702,1.8816882597205666,-1.0462652969531447,1.084147850093392,-0.32320523741961066,-0.45878591611868086,0.17830292125127206,-0.9196818932353292,-0.7379119254882729,0.10660254787078896,10991.523134448606,0.05544581051657027,18.09608396841172,1.3177162604951584,10.11485401450137,766.8603653543763,-148.81260904831274,70.08752043216731,0.8427978639974647,7.007223843979197
1548,2015,1548_2015,2.4943481240451852,-2.7006364869865735,0.5855930365154589,0.9315060313652197,1,NA,NA,0.9295259522774937,-0.5572509392629086,-1.1216158010652209,0.9853566153551188,0.9498647403029572,0.09322899798157354,-0.5294242471239798,0.7835796586690313,-0.8008453380686786,-0.32052606949926177,15748.332075795277,0.037857348560055036,17.02001074981169,1.293314731686786,10.806700548300158,904.8069537201582,-149.6028823175003,70.28322139383852,0.3050334028101536,5.659809038402945
1548,2016,1548_2016,0.2845489914447802,0.08590013174867235,0.9843157316210429,0.8889373059061495,1,1,NA,1.0756087321898107,-1.1138178056850034,-1.0752848019377002,0.9864746218515216,0.8574827207051136,0.4333013271710528,-0.6743989072774597,0.7753698500202919,-0.8099262991916034,-0.9738277982027272,16137.36911765902,0.03384365475399299,17.681659240947877,1.2935908803532359,10.756495782527237,989.7898344558295,-149.76476616730625,70.28227810509587,0.22743681357238923,3.5989112526641525
1548,2017,1548_2017,-0.39290908841882816,0.8720871165243094,-0.10680811517783818,0.9842994238102594,1,0,1,-0.18133532105008918,-0.03887500118501696,-1.0998992865004986,1.0155371487650278,0.9269401551135995,-0.7189334956890474,-0.2664026256411304,0.8131141374441129,-0.7586255444787421,-0.09533481146633249,12789.967072365358,0.04159562767330884,17.330142181575923,1.300769352103314,10.794242242724211,701.8503988540323,-149.30918304189746,70.2866148397202,0.665800499657539,6.370194675938049
1548,2018,1548_2018,-1.0786737894233973,0.2853942487002068,-1.761855206375396,-0.9002796531579359,0,NA,0,0.23406006147903258,-0.43475025081204866,-0.44749432749568135,0.9245126837015917,1.1487432459887919,-0.12671302903451462,0.7529765595606169,-0.8554927494098693,-0.7247371763594436,-0.2960846174061941,13896.217863320917,0.03874076488275914,26.64707393060216,1.2782862227811977,10.914780549567624,849.8442136018473,-148.17090807206614,70.09489562193863,0.9553757709636739,5.736911749578699
1551,2015,1551_2015,2.4943481240451852,-2.7006364869865735,0.5855930365154589,0.9315060313652197,1,NA,1,0.35724059821434084,-0.44930073483495725,-0.45483773287560064,0.9494989312274811,1.0583280356084357,-0.8029266805304758,-0.4614028907161791,0.3189087210637482,-0.7023324338808823,-0.8077734146832737,14224.263315738077,0.03863583375745988,26.542203472789417,1.284457849651045,10.865644641095223,680.8607969449301,-149.5269272572666,70.22983173724212,1.1468237438767968,4.122744416226462
1551,2016,1551_2016,0.2845489914447802,0.08590013174867235,0.9843157316210429,0.8889373059061495,1,0,NA,1.9057321695446654,-1.0577674297124215,-0.3051245985378656,0.9256133623213982,0.8456734591847221,1.8696564247439407,-0.6289677019698642,0.05110783948583708,-0.5167871904469677,-0.38009524082171936,18348.09352093323,0.0342478632335865,28.68024217912484,1.2785580914456711,10.75007807038841,1348.7299288823258,-149.7140360713796,70.19906201194503,2.732303281215185,5.471892846109397
1551,2017,1551_2017,-0.39290908841882816,0.8720871165243094,-0.10680811517783818,0.9842994238102594,1,0,0,0.8783766652113211,0.12287226235833287,-0.18300203747571672,0.5362161726160468,1.0852973951638403,0.5213255487904689,-0.2763830642737466,0.6745717435147084,-0.689477391421507,0.6392048837083154,15612.115012116676,0.042762071507820326,30.42426259271573,1.182376615754354,10.880301068670837,1011.7867782988117,-149.32032755382036,70.27069662698658,1.256669765223147,8.687364774855391
1551,2018,1551_2018,-1.0786737894233973,0.2853942487002068,-1.761855206375396,-0.9002796531579359,1,NA,0,-0.2592287430745253,0.03804991421281634,0.00570573191157648,0.552823530501522,0.782859601468391,-0.4587298018944578,0.9003687014826595,-2.02545836121126,-0.6746185927394014,-0.539850130838204,12582.52697228498,0.04215037333836964,33.119179888522815,1.18647864892508,10.715942044485642,766.8743881019374,-148.00632477633553,69.96046917692449,1.3836378341637008,4.96793198908041
1553,2015,1553_2015,2.4943481240451852,-2.7006364869865735,0.5855930365154589,0.9315060313652197,1,NA,1,0.18338071405450487,-0.6310260130214275,-0.16849294332729187,0.6715172068305574,0.9621361746536004,-0.894959473270794,-0.45325634673822546,0.6036027352515552,-0.6390454430844986,-0.8798144184986475,13761.252308739759,0.03732531804503374,30.631465554703137,1.215796099708925,10.813369427049007,657.8621252568745,-149.51783053718898,70.26254244588009,1.6876095222151524,3.895484730965635
1553,2016,1553_2016,0.2845489914447802,0.08590013174867235,0.9843157316210429,0.8889373059061495,1,1,NA,1.7165976633264282,-1.1322305642794142,-0.4721055510694579,0.29623616413188403,1.367155284522848,0.9814221537817875,-0.2506287499247126,0.6449612520195551,-0.4153807696370105,-0.0962177820192089,17844.404250660118,0.033710870753396634,26.295603441097178,1.1231013257352171,11.033475997927843,1126.7633040339556,-149.29156937255254,70.26729444741252,3.598818650584795,6.367409267638416
1554,2015,1554_2015,2.4943481240451852,-2.7006364869865735,0.5855930365154589,0.9315060313652197,1,0,1,-1.0743291556432932,0.9306712285412782,-0.01283956385023363,0.2966316883247932,0.860521038190566,-1.35908761612201,-0.45135006909450687,1.4011358966668412,0.3905907932105745,-0.8362944455059819,10411.810796716547,0.04858753094983626,32.8543363239646,1.123199020586519,10.758146948180087,541.878132369241,-149.51570191992968,70.35417723120072,10.485825813485292,4.032772314995138
1554,2016,1554_2016,0.2845489914447802,0.08590013174867235,0.9843157316210429,0.8889373059061495,1,0,0,0.9250495533668648,-0.544468766582526,0.4575754059604931,-0.22307935661244016,0.46531513790539386,0.14534454240560515,0.7904977133914721,-0.744251988397204,3.056459871027213,-0.6929763518856874,15736.410855570426,0.03794952747046175,39.5722867425702,0.9948298988859662,10.54337334026086,917.8304452427348,-148.12901062029857,70.10767693781045,33.26561145432199,4.484881851555749
1555,2015,1555_2015,2.4943481240451852,-2.7006364869865735,0.5855930365154589,0.9315060313652197,0,NA,1,-0.7242318320348082,0.2008031493150846,1.0489038443714411,-0.4484645259693165,-0.5719383152320419,0.46130333835173504,-0.8114334784500279,0.7956003675751597,0.0862950853931348,0.6067100785317944,11344.164543152712,0.04332407175819459,48.01699064294688,0.9391595479928717,9.979680677028215,996.7874387072502,-149.91778383201012,70.2846025465395,7.885626481421645,8.584857052781533
1556,2015,1556_2015,2.4943481240451852,-2.7006364869865735,0.5855930365154589,0.9315060313652197,0,NA,NA,0.3478957429655601,0.17269678564323557,1.284097334025571,-0.6147850166496694,-0.5195598853261848,-0.5268917490736141,-0.5878698599789054,0.7254557725711034,1.6773959560159926,1.2602261637887076,14199.376776442941,0.043121382118213265,51.375765987428366,0.8980782288301812,10.008145597111412,749.8409568855743,-149.66814476269732,70.27654308868173,21.481544250730163,10.646431045128926
1557,2015,1557_2015,2.4943481240451852,-2.7006364869865735,0.5855930365154589,0.9315060313652197,NA,NA,1,0.945379532274208,-1.214005957296007,0.8047404226032726,-0.6719049756561343,1.1756786219864832,0.3014255288664112,2.071948603803018,-1.5877108849881199,2.2552628817502915,-1.006514976897634,15790.552177771526,0.0331211457657254,44.530116570602594,0.8839695447052998,10.929418508868107,956.834535605271,-146.6980970850817,70.01076538772678,26.419402905041036,3.495796671400035
1559,2015,1559_2015,2.4943481240451852,-2.7006364869865735,0.5855930365154589,0.9315060313652197,1,NA,1,0.7875465989203136,-1.25375128688269,1.0799705571514242,-0.6649547984607858,0.14225091126751743,-0.0707952798391068,-0.4282888380229157,0.6575532889630258,0.5691108040851353,-1.2527066708343972,15370.222981287641,0.03283452147526506,48.460651345770515,0.8856862450735551,10.367804935298828,863.8178627435062,-149.48995093101078,70.2687412444335,12.01127491155313,2.7191633110253584
1559,2016,1559_2016,0.2845489914447802,0.08590013174867235,0.9843157316210429,0.8889373059061495,1,0,NA,1.5909722665195152,-0.2034602059896526,0.4905444638642188,-0.4522484730332707,1.6657027155474011,1.0214236713699967,-0.6099381000494922,0.7294989763220815,1.8527545654922748,1.8922907485535494,17509.84782459775,0.04040871796497412,40.04311465103255,0.9382249094742313,11.19572081474331,1136.7595427945357,-149.69278694262923,70.27700764379449,22.97997925167797,12.640334391704997
1559,2017,1559_2017,-0.39290908841882816,0.8720871165243094,-0.10680811517783818,0.9842994238102594,1,1,0,0.529449294279748,0.3743539062961613,1.2476062030061386,-0.9041163780236556,0.3896208993632807,0.2813079117495157,-0.39249464881416407,0.2136343232839234,1.6469195527745364,0.9678471896318922,14682.87699861508,0.04457563673691908,50.85463969545253,0.8266131077752891,10.502237505247624,951.8072137405201,-149.44998186921984,70.2177359432275,21.221124135308493,9.724095845385616
1559,2018,1559_2018,-1.0786737894233973,0.2853942487002068,-1.761855206375396,-0.9002796531579359,0,NA,1,-1.0400776868124832,1.0643206562018805,1.2011701092819624,-0.8736364396355508,-0.1304768049072777,-1.0589609354812872,-0.21555391142107344,-0.07072101587266835,0.9572185813516861,-0.04303864295064332,10503.026819039127,0.04955134664269908,50.19149035860585,0.8341416815057945,10.219591774664927,616.8787358210802,-149.25240356328436,70.18506414759689,15.327646313750593,6.535167540942554
1560,2015,1560_2015,2.4943481240451852,-2.7006364869865735,0.5855930365154589,0.9315060313652197,1,NA,0,0.6431371234901088,-0.8131346310272516,0.5502438231150065,-0.7035317824189107,2.19755334292187,-0.10280976245056676,-0.6228619892834288,0.802383864822313,3.6858431731912957,-1.105089182397511,14985.642162301427,0.036012037869339326,40.89567539252146,0.8761576933970001,11.484753640500454,855.817555973272,-149.70721821593892,70.28538195527639,38.643676276980884,3.1848356668289486
1560,2016,1560_2016,0.2845489914447802,0.08590013174867235,0.9843157316210429,0.8889373059061495,0,NA,NA,2.456550032365285,-1.0744357109148064,1.584797042431608,-1.145344114919497,-0.6868845212744891,3.5980350163038315,0.6939344945229575,0.012912237866255427,0.08405412474872252,0.1388917396422122,19814.991618615004,0.034127659568841257,55.670029269002306,0.7670296276534243,9.917213463430064,1780.6456688741634,-148.2368365369349,70.19467342232402,7.866477527883735,7.109082940475215
1601,2019,1601_2019,0.2559900230674113,0.1312868592727756,0.727219441381381,0.38473190685408903,1,1,1,0.4312979548918057,-0.38023386947723226,1.689086349328222,-1.33005117385606,-1.121423692179805,-0.10280852875393931,-0.43413624189557637,0.7544547836003787,0.11372942857277395,-0.2925835254415184,14421.487485399568,0.0391339109273649,57.159374714799,0.7214068086686124,9.681064292959125,855.8178642697264,-149.49648034966418,70.27987501051112,8.12005226850537,5.747956252234443
1601,2020,1601_2020,-0.11804797647289467,0.020043435696366286,0.754992210519544,-1.5603343540484873,1,NA,1,-0.30920563909370363,-0.4928883837449755,1.4510459579336712,-1.3943633787495513,-0.766768060926122,-0.9669710075647961,-0.7552092952393259,0.5532171244847081,0.2820926651663623,-0.9728698472336479,12449.432135230927,0.03832150049939944,53.75994304352909,0.705521632978724,9.873800963738233,639.8666957402021,-149.855001913979,70.25675325133716,9.558711980384594,3.6019331932840557
1602,2019,1602_2019,0.2559900230674113,0.1312868592727756,0.727219441381381,0.38473190685408903,1,0,1,1.2440603812441402,-1.371957200364579,1.4385054249333529,-1.4520619124210044,-1.3342581254095967,1.3695216722555916,-0.4584174861654469,0.39984785019068053,-0.5354696928409329,-0.7185729535044271,16585.977306006072,0.031982077013681984,53.58085291178239,0.6912700403620831,9.565399979543708,1223.748010701031,-149.5235936486112,70.23913146304716,2.572661758189792,4.404135119562265
1602,2020,1602_2020,-0.11804797647289467,0.020043435696366286,0.754992210519544,-1.5603343540484873,1,NA,0,0.9205811286049908,-0.9293007318814298,0.9224898481028209,-1.4248402092426347,-0.4473322150189076,0.061261489458780904,-0.7508022148212807,0.26960283757296283,1.861194100066517,-0.4171096796629057,15724.510871518962,0.03517430355994695,46.21168466067323,0.6979938269012406,10.047397534727477,896.8183856097096,-149.85008081160345,70.22416660096026,23.052094866848062,5.355127541967994
1608,2017,1608_2017,-0.39290908841882816,0.8720871165243094,-0.10680811517783818,0.9842994238102594,1,1,0,0.1871951050944127,0.04249694146298457,0.7983567278172772,-1.6490635050076021,-1.2951412235380408,-0.43085200718656075,-0.14372259191801123,0.40075470406393093,-0.45350775474106453,0.4029796295138903,13771.410517719407,0.04218244317005785,44.43895164641431,0.6426104598888494,9.586657957067612,773.8409510930554,-149.17219416306583,70.23923565853897,3.2730245014913777,7.942171425572445
1613,2018,1613_2018,-1.0786737894233973,0.2853942487002068,-1.761855206375396,-0.9002796531579359,0,NA,1,-0.7383480334045566,1.9129058076566319,-1.6419903339090065,0.24521420728596988,-4.667715612707052,-0.7828531577702984,-0.2095492712496924,-1.0819624518558615,-0.25648578326297883,0.772220571381625,11306.571301659525,0.05567093652810759,9.588592671947008,1.1104988539356337,7.753841268310831,685.8770997847959,-149.24569856900044,70.06887475714043,4.956572397429924,9.106974465370806
1615,2019,1615_2019,0.2559900230674113,0.1312868592727756,0.727219441381381,0.38473190685408903,1,1,1,-0.45269609108752457,-0.04358253049184577,-1.3853984406176332,0.9701805710623812,-1.5837635823625822,0.7973561024861942,-0.5054788435665712,1.008668974225059,-0.673555504271018,-0.10679748123216125,12067.298792663965,0.04156167922549315,13.252956536985469,1.2895662343328713,9.42980689465641,1080.7658442523225,-149.57614403020978,70.30908365525514,1.3927218989546297,6.334034675587317
1615,2020,1615_2020,-0.11804797647289467,0.020043435696366286,0.754992210519544,-1.5603343540484873,NA,NA,1,-1.659402262979548,0.21613491781485264,-1.4675019046426503,0.9006044787867876,-1.5045190802190713,-0.07479881804311682,-0.7100075262305192,0.7629304405706822,-0.7396292913497952,-0.5302894401490923,8853.686621582792,0.043434637133131636,12.08044495484394,1.272380873460171,9.472872111093826,862.8173926066886,-149.8045280147649,70.28084884463426,0.8281230149893485,4.998092029082795
1617,2017,1617_2017,-0.39290908841882816,0.8720871165243094,-0.10680811517783818,0.9842994238102594,0,NA,1,0.02032590624922215,0.07447251272024778,-1.2411025304692216,1.0047756914399477,-0.7841252174188466,-0.21879837496711615,-0.23450306280970054,0.2565489684570898,-0.7262704676071375,0.09608666700850622,13327.016595753577,0.04241303568291369,15.313632391698656,1.2981112619232114,9.864368262656415,826.832409055606,-149.2735628581163,70.22266674045049,0.9422738349991184,6.974050572530518
1618,2017,1618_2017,-0.39290908841882816,0.8720871165243094,-0.10680811517783818,0.9842994238102594,NA,NA,1,-0.8493928635962669,1.5781626632652273,-1.089855707737183,1.1273519751868275,-0.3116149295909351,0.03718813697827861,-0.5412956649409039,1.2635824979411643,-0.7633657562654195,1.2778934966336235,11010.84478086101,0.053256929215917764,17.47357355278518,1.3283877204268113,10.121152736831839,890.802539370075,-149.61613836387988,70.33837265181498,0.6252955066362339,10.702164201096931
1619,2020,1619_2020,-0.11804797647289467,0.020043435696366286,0.754992210519544,-1.5603343540484873,1,NA,1,0.10966650133283773,-0.21889831846392735,-1.1585280132193367,0.9228907215653691,-0.12946806610280182,-0.5187951513558007,2.029289733267294,-1.1249049563887137,-0.7143565166689381,-0.7478064579341938,13564.941975120935,0.04029738568820094,16.492871039117162,1.277885596593075,10.22013997111728,751.8642682201295,-146.7457314936286,70.06394075893901,1.0440782524650756,4.3119154576485315
1621,2019,1621_2019,0.2559900230674113,0.1312868592727756,0.727219441381381,0.38473190685408903,1,1,1,0.7385720988181937,-1.5311040034995278,-1.0960518737002614,1.1505132315151156,0.1967961619057538,0.4653204253393773,-0.46851528518316,0.5552770519656614,-0.6773329666497205,-1.1792696922564414,15239.797652183688,0.030834386454767385,17.385086709472862,1.3341085727375463,10.397447408414688,997.7912946375144,-149.53486920930453,70.25698993242031,1.360443575923236,2.9508267215034176
1621,2020,1621_2020,-0.11804797647289467,0.020043435696366286,0.754992210519544,-1.5603343540484873,1,NA,1,-0.27523575519958343,-0.1584199081386774,-1.095962932077307,1.041559304632068,0.25221016549584524,-0.9549808976096321,-0.8849772557194866,0.8272457497675032,-0.6662684334474355,-0.910690695477543,12539.898261016291,0.04073352703179799,17.38635687613741,1.3071968493172903,10.427562003039174,642.8629821089162,-149.99990542333543,70.28823853052597,1.4549897397470066,3.7980827985018277
1623,2017,1623_2017,-0.39290908841882816,0.8720871165243094,-0.10680811517783818,0.9842994238102594,1,1,1,0.12952283023123187,0.648570058702939,-0.798518217187224,1.1285442680563245,0.584096900715143,-0.5949192884142561,-0.424427721422801,1.0103297148978625,-0.5177825798457047,0.357957636589817,13617.821907044065,0.04655315235784099,21.634135911978564,1.3286822178979698,10.607924977104458,732.8411137160177,-149.4856394712073,70.30927447066243,2.7237977033077496,7.8001455875099746
1623,2018,1623_2018,-1.0786737894233973,0.2853942487002068,-1.761855206375396,-0.9002796531579359,1,1,1,-0.9429596801281533,1.51337482795109,-0.6378088168815518,1.12829020256581,0.7360208006543769,-1.0509552482930689,-0.3096713975775992,-0.1778639605650631,-0.6458879653305514,0.8819386469383996,10761.664435703138,0.05278971036226917,23.929211222808366,1.3286194634805113,10.690487621274407,618.879328933566,-149.35749848799014,70.1727536617005,1.6291403380737473,9.453089788560336
1623,2019,1623_2019,0.2559900230674113,0.1312868592727756,0.727219441381381,0.38473190685408903,1,NA,1,0.36564969105922107,-0.6340756376453224,-0.7336125036722552,1.0518566585682985,1.0781638518444188,-0.20283987714471832,-0.5360770807096695,0.9449461321604992,-0.6211008119748246,-0.7448274112521304,14246.657800612293,0.03730332561213447,22.561048092203652,1.30974030551956,10.876424363300663,830.8203816154248,-149.61031110755113,70.30176204251838,1.8409459532813972,4.32131312252669
1626,2017,1626_2017,-0.39290908841882816,0.8720871165243094,-0.10680811517783818,0.9842994238102594,1,1,0,-0.21408870737613325,0.12028416642005468,0.8083746099074199,0.3570173119273643,-0.9727834379596033,-0.778917259038201,-0.3680829114647438,0.23695328498290805,0.005203265109756877,0.14140671294867288,12702.740634485734,0.04274340739886296,44.58201604593394,1.138114326968238,9.7618424484924,686.8606670551313,-149.42272285706977,70.2204152400299,7.192698873441168,7.117016645057267
1626,2018,1626_2018,-1.0786737894233973,0.2853942487002068,-1.761855206375396,-0.9002796531579359,0,NA,1,-0.770706794044204,0.5184759684023134,0.6717591054582384,0.3871095282598606,-0.8674746274164035,-0.842893592317159,-0.2682400241772401,-0.48996189052859646,0.12731270941779746,-0.7455925471996417,11220.395802225701,0.04561497605603991,42.63102331780782,1.1455471329827651,9.819072244833308,670.8732060526163,-149.3112347463011,70.13689430412786,8.23612106892911,4.318899433857681
1631,2019,1631_2019,0.2559900230674113,0.1312868592727756,0.727219441381381,0.38473190685408903,1,1,1,0.029945003187496804,0.16133344705820046,-0.2077035376871099,0.002390917324117598,1.014505068041239,0.7695355375545623,2.2083294925662327,-1.569209513922283,0.788452418989939,0.1752292494015174,13352.63347558372,0.04303943516009098,30.07150287133169,1.050521270691071,10.84182916453644,1073.813582781303,-146.5458093453514,70.01289115408707,13.885543611101792,7.223712812266363
1631,2020,1631_2020,-0.11804797647289467,0.020043435696366286,0.754992210519544,-1.5603343540484873,0,NA,1,-0.7308542381742053,0.015130104800399134,-0.014022754726801059,-0.20285981578862103,1.079785304896994,-0.5669135337468414,-0.6903887033328489,1.0009423178294927,1.9012392763752435,0.7276426972341165,11326.528232452452,0.04198508664484776,32.837439290165435,0.999824144673172,10.877305537700948,739.8396534516258,-149.78262094096337,70.30819587963111,23.39427991256284,8.966349639066017
1634,2017,1634_2017,-0.39290908841882816,0.8720871165243094,-0.10680811517783818,0.9842994238102594,1,1,0,-0.3702740005755761,-0.25906945972181095,-0.32305178866628204,0.09626233220718482,1.275683287435492,0.3012756993487617,-0.3883097470360039,0.7344135841213094,1.1118449000867539,0.018484575661916195,12286.799313507288,0.040007690647808555,28.42422572098348,1.0737075993225567,10.98376578149673,956.7970937350093,-149.44530885939736,70.27757232129306,16.648924400708022,6.729247947344937
1634,2018,1634_2018,-1.0786737894233973,0.2853942487002068,-1.761855206375396,-0.9002796531579359,1,0,1,-1.6123606455481594,-0.4551029188991961,-0.05369520579814799,-0.3964189221160206,0.6164323489551335,1.5817051359382717,0.05207901591304949,-1.1139650249325814,3.0538527253254504,-0.6153355115454502,8978.964438043966,0.03859399118355681,32.270880876029295,0.952014861575498,10.62549759147377,1276.771913090278,-148.95355513994048,70.06519773271629,33.24333345848387,4.729806713851227
1634,2019,1634_2019,0.2559900230674113,0.1312868592727756,0.727219441381381,0.38473190685408903,NA,NA,0,-1.086416425083053,-1.2833688078341825,-0.5845434372946562,-0.6512779351949374,1.5407256846134316,2.105670829092827,-0.40530322834650234,0.45876433645092435,3.1149485620876813,-0.5891926140902713,10379.620859272334,0.03262093409239027,24.689888926659812,0.889064443289965,11.127802375718607,1407.7090996501615,-149.46428438362508,70.24590083619864,33.76539587954283,4.812276784128096
1638,2018,1638_2018,-1.0786737894233973,0.2853942487002068,-1.761855206375396,-0.9002796531579359,1,1,1,-0.3015327231161114,0.22236583951303227,1.398151560735664,-0.8674500246819445,-0.7440892803410315,-0.09067642506660159,-0.15943808860288025,-1.35840432575504,1.090859251852715,0.5480568421412132,12469.86608737904,0.04347957155760935,53.004563303081596,0.8356697318749482,9.88612568744796,858.849634373431,-149.1897426443126,70.03711220105633,16.469602553178685,8.399830257821636
1638,2019,1638_2019,0.2559900230674113,0.1312868592727756,0.727219441381381,0.38473190685408903,1,NA,1,1.3121971266795853,-1.3006885161611859,1.3720583145679475,-0.7907671345891751,-0.7217983082174814,0.8774220135365051,-0.2683787741128973,0.3840768289058738,1.0180148159474447,-0.5711556780566408,16767.434134130093,0.032496032647067484,52.63192819309409,0.8546104785582473,9.898239657668412,1100.7740342335494,-149.31138967940265,70.23731940780026,15.847148641672737,4.869175885875451
1640,2017,1640_2017,-0.39290908841882816,0.8720871165243094,-0.10680811517783818,0.9842994238102594,1,0,0,1.048017984066407,-0.8373286559930423,1.168700957191321,-0.9523717774266018,-1.0649325908522649,1.065445479338879,-0.47680069123446495,0.5502438372353768,0.953499896313096,-0.20868709896869966,16063.89144260944,0.035837562143227274,49.72780155642581,0.8146939782916859,9.711764233518442,1147.7604380020482,-149.54412098770064,70.25641162724932,15.295870241643463,6.012614911400046
1640,2018,1640_2018,-1.0786737894233973,0.2853942487002068,-1.761855206375396,-0.9002796531579359,1,0,0,-0.027459291080381355,-0.6016520316148501,1.5079516156846033,-0.9081601515420866,-1.5936529486315008,-0.3387249921630369,1.8402693047967267,-1.6399457096497898,-0.3840956837235984,-1.4313571804487213,13199.758531352403,0.03753714913729561,54.5726072056894,0.82561429187562,9.424432544546562,796.863168598777,-146.95679841125676,70.0047637226228,3.8661489395299538,2.1555945593920915
1640,2019,1640_2019,0.2559900230674113,0.1312868592727756,0.727219441381381,0.38473190685408903,1,NA,0,2.11275269092734,-1.4886415568647828,1.2570518190267161,-0.8348248594637022,-1.3649693613677374,2.089673334215338,-0.3728959801341842,0.3814459402137002,1.1071528511366802,-0.18596205752636802,18899.41552679968,0.031140605292665047,50.98953161890675,0.8437281786699494,9.54871003907058,1403.7113818632324,-149.42809730033292,70.23701712454462,16.60883095793981,6.084303054154956
1641,2017,1641_2017,-0.39290908841882816,0.8720871165243094,-0.10680811517783818,0.9842994238102594,1,1,1,0.6416450923422147,-0.501026680016153,1.4157694769774782,-1.0721478866203102,-0.7186771571546112,0.4693257752155082,-0.35067405069114455,0.5074491957433908,0.02857480919602656,-0.5347189449461551,14981.668693392267,0.03826281100258209,53.25616305093672,0.7851091655622147,9.899935839011226,998.7922175048325,-149.40328350539423,70.25149461818222,7.39240814229117,4.984118766458336
1641,2018,1641_2018,-1.0786737894233973,0.2853942487002068,-1.761855206375396,-0.9002796531579359,1,1,1,-0.3967275300796206,0.08097667094941183,1.4529217892037347,-1.1043594293069163,-1.2352852899846019,-0.7348415916204671,-0.15017000078916384,-1.0968814379594416,-0.6685271705590645,-0.2022560962208008,12216.350196429383,0.042459940558451585,53.78673160740287,0.77715288392537,9.619186506857403,697.8750215497582,-149.1793935685911,70.06716059883964,1.4356888867343542,6.032902075417701
1641,2019,1641_2019,0.2559900230674113,0.1312868592727756,0.727219441381381,0.38473190685408903,1,NA,1,1.4806659590127815,-1.3397333043236397,1.405993495407327,-1.1094298557818691,-1.3050219701245227,2.5778342717065925,0.23083937457759007,-0.11305383179987095,-0.6069575150638328,-0.1644452593589421,17216.088083736508,0.03221446032600194,53.116553209209314,0.7759004837703655,9.581288291301531,1525.701085728607,-148.75394498032588,70.18020020125938,1.961800077202205,6.152179687188579
1642,2017,1642_2017,-0.39290908841882816,0.8720871165243094,-0.10680811517783818,0.9842994238102594,1,NA,0,1.262230018933864,-0.22319758725921685,1.0295466954842487,-1.2709225958697585,-1.303765862745313,0.6094774976212517,2.268711971331744,-1.299414317421074,-0.4782193307245354,0.48838685991323955,16634.36536449448,0.04026638141975575,47.740553082887836,0.7360116235892206,9.581970919555745,1033.8156407233384,-146.47838412695089,70.04389002173046,3.061864693069071,8.211596048656514
1642,2018,1642_2018,-1.0786737894233973,0.2853942487002068,-1.761855206375396,-0.9002796531579359,1,1,NA,-0.12568063777473587,-1.0244515825708524,-1.67637759957244,1.2981368214208473,-1.5034788902741476,-1.1868906303053797,2.816213987525511,-2.9087404996089186,-0.6712801575578266,-1.5533054927371854,12938.18257976673,0.034488121174515406,9.097511476441449,1.3705717396513264,9.473437399585803,584.9095543716563,-145.86702394811596,69.85898202498464,1.4121646806037322,1.7708978783215383
1642,2019,1642_2019,0.2559900230674113,0.1312868592727756,0.727219441381381,0.38473190685408903,1,NA,1,1.7836060839954233,-0.9813342627601578,-1.4442930616189957,1.3008142572924106,-0.5863519056401016,0.5454810186450084,2.3173626819038207,-1.5773832271316663,-0.636351337016275,-0.19010166200445627,18022.856206275108,0.03479906264426315,12.41188818414603,1.3712330688545256,9.971847649199493,1017.8231453818232,-146.42405901720505,70.01195201263008,1.710630592243871,6.071244307594378
1643,2017,1643_2017,-0.39290908841882816,0.8720871165243094,-0.10680811517783818,0.9842994238102594,1,0,0,1.0960613547026072,-0.37681446770270305,-1.4366854949140155,1.2758387644191505,-0.6894406418884603,0.29340197854147504,2.285461482730777,-1.2839938709944534,-0.7106984348458141,0.07838789855321696,16191.837055396172,0.03915857001605822,12.520531104142506,1.365064098394092,9.91582434639982,954.8294785576545,-146.45968102818333,70.04566179670637,1.0753364715879932,6.918218250163642
1643,2018,1643_2018,-1.0786737894233973,0.2853942487002068,-1.761855206375396,-0.9002796531579359,0,NA,0,-0.6544400665765939,-0.36919207125630754,-1.2931711185215713,1.213787167511746,-0.2020819799477533,-1.4669966891795374,1.6780196488427506,-1.660783957819248,-0.5776335003651608,-0.7115720967213259,11530.028900311092,0.03921353909030607,14.570045951319798,1.3497372950238034,10.180678130465704,514.9120339871666,-147.13797213435922,70.00236945428406,2.212373060895606,4.426219938274135
1701,2017,1701_2017,-0.39290908841882816,0.8720871165243094,-0.10680811517783818,0.9842994238102594,1,0,1,-0.38952035805468027,1.2786378130693976,-1.2433091239468894,1.0635043607519943,-0.2342562933249587,-0.7428601832642117,0.5711049525028831,-0.7227015575521997,-0.5404201250799935,0.36161049307039944,12235.543813134027,0.05109689938208837,15.28212024491694,1.312617299021461,10.163193084414115,695.8712036591568,-148.37399236203606,70.11015303435363,2.5303604365781376,7.811668844684564
1701,2018,1701_2018,-1.0786737894233973,0.2853942487002068,-1.761855206375396,-0.9002796531579359,1,1,0,-1.268809556927244,0.7285178189687936,-1.4239385225600418,1.1874423490548394,0.034657428461713914,-1.9551523986132555,-0.6007881879872058,-0.3164720568022732,-0.71455700859623,-0.7666248207701953,9893.884727255141,0.047129697333021456,12.7025693762149,1.3432300998436777,10.309333539820868,392.9236365950095,-149.68256982614514,70.15682789991793,1.0423650538821319,4.252551276297117
1701,2019,1701_2019,0.2559900230674113,0.1312868592727756,0.727219441381381,0.38473190685408903,1,1,1,0.6352386283945697,-1.3621155495290196,-1.1685755350884637,0.966009941809575,1.2475329327176663,0.5693243756913714,-0.4183338769208833,0.7989526887407924,-0.6876605256758709,-1.1371293326805452,14964.607464241955,0.03205305028820342,16.349383356797425,1.288536084946329,10.968467545203723,1023.7815165702068,-149.47883486820257,70.28498772078078,1.272194838291502,3.0837621936206525
1701,2020,1701_2020,-0.11804797647289467,0.020043435696366286,0.754992210519544,-1.5603343540484873,1,NA,1,-0.534742007421498,-0.825987345821101,-1.223528801771203,0.9879072863466044,1.2273641309617012,-1.3670650133222395,-0.9188451655578683,0.8111842161684556,-0.6605188312702065,-1.3395241756299823,11848.800071550308,0.03591935024297956,15.564601101539706,1.2939447498442096,10.957506862892526,539.8846088253997,-150.03772353322935,70.2863930960607,1.5041199488061217,2.445289853271505
1703,2017,1703_2017,-0.39290908841882816,0.8720871165243094,-0.10680811517783818,0.9842994238102594,1,1,0,0.9443990060009164,0.8670561888002856,-1.0711012540486329,1.0033618018496027,0.9273170349398291,0.8054055938121418,-0.3248086190846122,0.3372078117448555,-0.5844534615841958,2.9599299968725132,15787.940911467174,0.04812876973643127,17.741404081346822,1.2977620298515395,10.794447057075345,1082.7773838649873,-149.3744012466538,70.23193426203639,2.1540966601746554,16.0082963396935
1703,2018,1703_2018,-1.0786737894233973,0.2853942487002068,-1.761855206375396,-0.9002796531579359,1,NA,1,-0.8128752958176623,0.7454444744593168,-0.8815515395596908,0.9374303708916506,0.817137223259949,-1.0149337728058159,-0.29809425057377986,-0.5420124856122703,-0.7194299815735563,-0.004749901953491381,11108.095713196597,0.04725176426944619,20.44834511324024,1.2814769037858522,10.734570127967572,627.8809691509637,-149.34457103484237,70.13091380659239,1.0007256197550825,6.65595274335792
1703,2019,1703_2019,0.2559900230674113,0.1312868592727756,0.727219441381381,0.38473190685408903,1,1,NA,-0.421248487664361,1.9926233466746002,-0.8145686990788041,0.9566814495736047,0.628823534446759,-0.015037561888445993,-3.9825373196949365,3.664794999549905,-0.7437914947938341,1.4098119848814936,12151.047764423642,0.056245821257857695,21.404920541588147,1.2862319385042102,10.632231548665484,877.7515206391301,-153.45875090454322,70.61426662430344,0.7925570890263174,11.118312679484697
1703,2020,1703_2020,-0.11804797647289467,0.020043435696366286,0.754992210519544,-1.5603343540484873,1,NA,1,-0.43110013861083984,1.3030895348522489,-0.7744654638859971,0.9085643389435247,0.46774069162081666,-1.1829714972550815,0.8378540149753891,-0.46618053165867335,-0.7293920017590814,0.571050060708552,12124.811563661357,0.05127323349428281,21.977630941853164,1.2743469664788463,10.544691501053215,585.888931956991,-148.0761308935597,70.13962672933613,0.9156004025175548,8.47236438891368
1704,2017,1704_2017,-0.39290908841882816,0.8720871165243094,-0.10680811517783818,0.9842994238102594,1,1,0,0.6376936103594397,-0.40963602195302407,-0.3768472762822018,0.5851331276017407,1.1634029601766092,0.6733612342743408,-0.33536346092543146,0.5966353058331988,-0.5697091586916655,-0.03253566389979741,14971.145393777628,0.03892187667883765,27.655977595942158,1.1944591500952153,10.922747332717648,1049.7799621542467,-149.3861871575811,70.26174190374607,2.280086365411976,6.568300112491855
1704,2018,1704_2018,-1.0786737894233973,0.2853942487002068,-1.761855206375396,-0.9002796531579359,1,1,1,-0.6892328051635017,-0.03486717468932487,-0.23893284149398197,0.5999079932697727,0.7924910730115612,-0.42275178736675656,0.1361246905492971,-1.4431005536583765,-0.5214778307347591,-0.9745515588492535,11437.371407714678,0.041624530199405915,29.625520221871042,1.198108555947804,10.721176242384523,775.8651675781773,-148.85970675736624,70.02738079296338,2.692221875431495,3.5966280860226205
1704,2019,1704_2019,0.2559900230674113,0.1312868592727756,0.727219441381381,0.38473190685408903,1,1,1,0.8382501986208585,-1.4773416789501295,-0.4507783081826637,0.584717234336691,1.2588191305982348,1.1494674996991991,-0.4319429563918784,0.5111516504891137,-0.5387988222503851,-0.9619638746342207,15505.253122767583,0.031222094602811844,26.600175721899998,1.194356424063749,10.974600999782085,1168.7572458060515,-149.49403124924424,70.25192002199262,2.5442144293434574,3.636337043440848
1704,2020,1704_2020,-0.11804797647289467,0.020043435696366286,0.754992210519544,-1.5603343540484873,1,NA,1,-0.26457673084516165,0.3053325147690343,-0.08453189271304215,0.31939117049396143,1.3167649995269535,-0.5188913455419222,-0.7897682769997303,0.7983357734701793,-0.7115076423931597,-0.5966456743625874,12568.28459995704,0.04407788750251152,31.830505150206466,1.1288206342983622,11.006091529971172,751.8402296308502,-149.89359169930304,70.28491683858914,1.0684218130172227,4.788765449721133
1706,2017,1706_2017,-0.39290908841882816,0.8720871165243094,-0.10680811517783818,0.9842994238102594,1,1,1,-0.06989410431137086,1.9827133935365553,0.20383905059580434,0.39945856330705887,0.9213796875695479,-0.15872359989391485,1.993573035466693,-0.911334754030952,-0.6054012007688083,0.9268853351901626,13086.74922100567,0.056174355419827786,35.948702536856004,1.1485973563680496,10.79122042125016,841.8448843647147,-146.7856140257635,70.08847949988517,1.9750987445394106,9.594878071408115
1706,2018,1706_2018,-1.0786737894233973,0.2853942487002068,-1.761855206375396,-0.9002796531579359,1,1,1,-1.1617754664336744,1.23063235292399,0.20464373806927744,-0.029783106323216912,0.14526965951515497,-1.447008309425115,0.5138137721413365,-1.1130685910891296,3.0218728657579366,-0.29232273540065085,10178.930137598429,0.05075070698425228,35.96019420037904,1.0425742562925604,10.369445466100816,519.9070598889151,-148.4379657269471,70.06530073096987,32.970066345768544,5.748778937364687
1707,2017,1707_2017,-0.39290908841882816,0.8720871165243094,-0.10680811517783818,0.9842994238102594,1,1,1,-1.4461309014676444,0.8692221686567555,0.45200913187535624,-0.2696753458962944,-0.488414835207433,-0.9149878972546761,-0.52838849510325,1.1065315942509457,0.607669730801795,0.5107948830834989,9421.655410557407,0.04814438974627817,39.49279532388647,0.983320645277821,10.025071292750072,652.8570924428187,-149.60172576004135,70.3203278525009,12.340759991092604,8.28228412937845
1707,2018,1707_2018,-1.0786737894233973,0.2853942487002068,-1.761855206375396,-0.9002796531579359,1,1,1,-2.09801109808424,2.7292318194163983,0.6942706184966045,-0.4508423695784303,-0.4796683957507091,-0.7828797016929777,-0.41797588210994535,-0.5258569742967819,1.205011533266333,0.6004145756594561,7685.615450929745,0.061557888940834686,42.95250804543115,0.9385722183630385,10.029824522287415,685.8704665517402,-149.4784351184936,70.13277003888813,17.445030987625437,8.564997335043662
1707,2019,1707_2019,0.2559900230674113,0.1312868592727756,0.727219441381381,0.38473190685408903,1,1,1,-0.5307769308356871,-0.7043427918408695,0.30267722811213,-0.16701603707771445,0.04162819708837844,0.9654001462132182,-0.5804064470646932,0.8563454474482893,1.1986859564530925,-0.47279149105553797,11859.359575323668,0.03679659253372232,37.36020093429683,1.0086775920577735,10.313121785712031,1122.7594606116138,-149.6598108510057,70.29158202102754,17.390979089481107,5.179474368613101
1707,2020,1707_2020,-0.11804797647289467,0.020043435696366286,0.754992210519544,-1.5603343540484873,0,NA,1,-0.8099476785260209,-0.44865738627696067,0.9743569440856203,-0.6251850763907199,-0.14464183929779703,-0.08678590167974537,-0.832943256501713,0.5126899700302409,-0.020171460041502234,-0.5170899344581761,11115.892330782413,0.038640473279282245,46.952393612409395,0.8955094041965751,10.211893823950739,859.8218625043481,-149.94180241343525,70.25209677148433,6.975872471705701,5.039731031179486
1708,2017,1708_2017,-0.39290908841882816,0.8720871165243094,-0.10680811517783818,0.9842994238102594,1,1,1,0.3375715579810814,-1.005062745969194,0.7541416341016045,-0.8964892902114822,0.36329275448313364,0.6614128925687057,-0.2330098126938193,-0.18369243761676785,0.8905782988773037,-0.37558626835781367,14171.882157375407,0.03462794418244094,43.80752019461463,0.8284970057088031,10.487929544102183,1046.7941135244005,-149.27189544205044,70.17208398265865,14.758206740576005,5.486116796481092
1708,2018,1708_2018,-1.0786737894233973,0.2853942487002068,-1.761855206375396,-0.9002796531579359,1,1,1,-1.2810912708260156,-0.332288185188113,0.2341417604775754,-0.9795273922590807,1.2801966122017598,-0.19869716837496648,-0.2581062259368567,-1.4702410781481436,1.336811642881959,-0.21903004467314133,9861.176959460314,0.03947967225034078,36.381452588617826,0.8079865156367315,10.98621853598006,831.8556299878564,-149.29991898759835,70.02426240710129,18.5712596795992,5.979987179122951
1708,2019,1708_2019,0.2559900230674113,0.1312868592727756,0.727219441381381,0.38473190685408903,0,NA,1,-0.030630915153752273,-1.2066612742816976,0.5680809841354381,-0.7603474305845765,0.29069935461233937,2.2456829194268306,-0.3640139141112682,0.5936465379427331,1.8284172726666388,-0.599794545042531,13191.312092640403,0.03317411210364546,41.15040615373035,0.8621241743388185,10.448478851715953,1442.6976293043253,-149.41817927024064,70.26139850096702,22.772017683625155,4.778832060099231
1709,2017,1709_2017,-0.39290908841882816,0.8720871165243094,-0.10680811517783818,0.9842994238102594,1,1,1,0.5943387410460672,-0.4809501088846837,0.76526662268461,-1.0005325335055322,0.10677498331846855,0.6853533607043221,-0.4608786837747234,0.7344649704150658,1.621109275628582,-0.013785193308893225,14855.685856943872,0.038407593622710665,43.966395074251764,0.8027982257990032,10.348525635484727,1052.7767524329358,-149.52634190919483,70.27757822546386,21.000575952500895,6.627450121782424
1709,2018,1709_2018,-1.0786737894233973,0.2853942487002068,-1.761855206375396,-0.9002796531579359,1,0,1,-0.6811537983791145,1.0222586257144155,0.8155513621168193,-0.9764973692841109,0.5962675534467871,-0.6228342958343069,-0.013364928196656701,-0.7136559280370091,2.338195382627661,0.22223141115193548,11458.886831383927,0.049248015414372064,44.68450654603168,0.8087349341893454,10.614539086347314,725.8652513988229,-149.02663217014526,70.1111923570537,27.128059083382784,7.371985267122121
1709,2019,1709_2019,0.2559900230674113,0.1312868592727756,0.727219441381381,0.38473190685408903,1,1,0,0.7196886098654833,-0.9026402445911567,1.153977068025682,-1.1663539352528096,-0.3263847838745581,0.2532457676823498,-0.4387477521910263,1.0285798780087148,1.3785931802690585,-0.5837916126858698,15189.508516895883,0.035366566231620995,49.51753112769433,0.7618401820767973,10.113126098336194,944.7945824919528,-149.50162972569484,70.31137137378776,18.928281887982457,4.829314718280196
1709,2020,1709_2020,-0.11804797647289467,0.020043435696366286,0.754992210519544,-1.5603343540484873,1,NA,1,-0.22063981524976867,-0.10867079680989704,0.9704888608623173,-1.4042998069407786,0.016066306331212293,-0.5989110336961079,-0.7789332924907069,0.8599580116930453,0.8096221223614666,-0.4394391336564085,12685.294200144745,0.0410922938072639,46.89715389221162,0.7030673257782631,10.299230243356028,731.8435905890309,-149.88149297113185,70.29199709661943,14.066438205249849,5.28468731462726
1710,2017,1710_2017,-0.39290908841882816,0.8720871165243094,-0.10680811517783818,0.9842994238102594,1,1,1,0.39254062373932075,0.7664417175762342,1.380954128648679,-1.4602813040486335,-0.9868383804874155,0.2732966809567307,-0.23281945417623354,0.36820238490070245,0.05587831839030437,2.1711927115080587,14318.2717780373,0.04740318633519819,52.75896844853395,0.6892398428236046,9.754204326911681,949.8052353007222,-149.27168288097502,70.23549546951295,7.62571595619089,13.520155173798852
1710,2018,1710_2018,-1.0786737894233973,0.2853942487002068,-1.761855206375396,-0.9002796531579359,0,NA,1,-1.6104795890210641,2.6655727909616154,0.8991920764798839,-1.5524735732642894,-0.8913658456582961,-2.219250980199339,-0.8605120474483755,1.4375709761301994,-0.5752527472984903,0.1089049442872095,8983.973931067845,0.06109881050188371,45.87897145069638,0.6664682647667558,9.806088625065247,326.92632856679603,-149.97258670365684,70.35836354074407,2.232716537240265,7.014486956057457
1713,2018,1713_2018,-1.0786737894233973,0.2853942487002068,-1.761855206375396,-0.9002796531579359,1,1,1,-1.0085187696681408,0.8031958669828391,0.22829155988858701,-1.9902341065944336,-0.7983168088995268,-1.2509631200402183,0.5678517148596972,-1.0549657521241547,-0.6105953698319937,-0.7374234562689052,10587.072233410536,0.04766823966611008,36.29790644315495,0.5583409972665183,9.85665587956137,568.8980642085168,-148.37762504262628,70.07197661785791,1.9307146977659901,4.344669549978552
1713,2019,1713_2019,0.2559900230674113,0.1312868592727756,0.727219441381381,0.38473190685408903,1,1,1,1.1611912619712499,-1.0417438831737236,0.4106278367537275,-1.7306628938819963,-0.8535037959957607,1.2536352774230561,1.9869822062219573,-1.3241826737029783,-0.3988880326343382,-0.7405120032036434,16365.286290657585,0.03436341738057869,38.90183307411657,0.6224553333369922,9.826664656453877,1194.7884076236132,-146.79297357956705,70.04104419271614,3.7397486822498425,4.334926456918651
1714,2017,1714_2017,-0.39290908841882816,0.8720871165243094,-0.10680811517783818,0.9842994238102594,1,1,1,-0.2009424924165154,0.6709734970668039,-1.3391501512280972,1.1010595749328635,-0.9208283919441091,-0.6429190646977614,-0.29303388277415626,0.8225000954768882,-0.11961701040742756,0.4209807270473497,12737.75067867208,0.046714715230553115,13.913423858400082,1.3218934725925973,9.790077281713021,720.8461381972444,-149.3389204485953,70.28769326540953,6.126112692007089,7.998957471617661
1714,2018,1714_2018,-1.0786737894233973,0.2853942487002068,-1.761855206375396,-0.9002796531579359,1,1,1,-0.6873537779903961,0.8447288890438933,-1.3976114306838843,1.2283828404429504,-0.8765198352523146,-0.5507766705868542,0.4574094192595944,-1.5171937326279759,-0.7673492450479157,-0.5763391397773705,11442.37549631051,0.04796775593890787,13.078544014014508,1.3533424401002054,9.814156650405451,743.8721988828919,-148.50094882882604,70.01886765159563,0.591256693056438,4.852824199796318
1714,2019,1714_2019,0.2559900230674113,0.1312868592727756,0.727219441381381,0.38473190685408903,1,1,1,1.211182648017164,-0.7419901275323206,-1.2835433554313254,1.2695595262996486,-0.5755268550993341,1.3174906558082764,-0.48890579234708115,0.6258667024597844,-0.5147758658268837,-0.652685023460105,16498.419716497676,0.036525097970902046,14.70753909935541,1.3635131206148023,9.977730494467924,1210.745642422975,-149.5576379731402,70.26510052616341,2.7494900005784535,4.611984392217244
1714,2020,1714_2020,-0.11804797647289467,0.020043435696366286,0.754992210519544,-1.5603343540484873,1,NA,1,-0.29420595034134905,-0.215105204320867,-1.1320159470782836,1.19929321352166,-0.606642102119138,-0.7989522919556814,-0.5880067082749034,0.8568670415926827,-0.7971049780135853,-0.8424651505512779,12489.37821610778,0.040324739811595955,16.87148727639815,1.3461572746224661,9.960820995245065,681.8539826917798,-149.66829757236056,70.29164195103391,0.33699468739970223,4.013306282983351
1715,2017,1715_2017,-0.39290908841882816,0.8720871165243094,-0.10680811517783818,0.9842994238102594,1,0,0,-1.9372980716760286,0.35385695217987756,-1.3132012566848246,1.164134862204413,-0.023684754400147823,-0.41487412204933766,-0.35408489217938804,0.8316488050125901,-0.5872494568193465,-0.36674291248052854,8113.614701904763,0.0444278225159459,14.283997496882439,1.3374731284550905,10.277627633866317,777.8337684747611,-149.40709217203025,70.28874443177455,2.130204949722881,5.5140139407029
1715,2018,1715_2018,-1.0786737894233973,0.2853942487002068,-1.761855206375396,-0.9002796531579359,1,NA,0,-1.0746903663993363,-0.13954002579438587,-1.0382619724599544,1.0786794945599227,0.6103057410570755,1.0736207123927954,0.15536803352330983,-1.5785247926672419,-0.6723245526240309,0.1813833104562748,10410.848846484598,0.0408696797052613,18.210378666879535,1.316365571484763,10.622168102512136,1149.8034000309294,-148.83821895777098,70.01182084929061,1.4032403504742244,7.24312633934553
1715,2019,1715_2019,0.2559900230674113,0.1312868592727756,0.727219441381381,0.38473190685408903,1,0,NA,0.8435563165241553,-1.7260507153885702,-0.9236118851673634,0.9962986560161752,0.2932358722699387,1.541735533094446,2.6870326333438275,-1.8230067944757444,-0.6992721688372318,-0.7389915664897524,15519.383990308013,0.029428524091721496,19.84768540954193,1.2960174261223856,10.449857315571073,1266.7836497122353,-146.01127243206437,69.9837304113824,1.1729736333363345,4.339722808312413
1715,2020,1715_2020,-0.11804797647289467,0.020043435696366286,0.754992210519544,-1.5603343540484873,0,NA,0,-0.6820441442956919,-0.6204974476476788,-0.8910950880214087,0.9958309792174734,0.5762737756997725,-0.20280021886546434,-0.6931473387301376,0.3552708166380286,-0.5817580489834716,-0.34545977595628635,11456.515726851081,0.03740124501837118,20.31205462612165,1.2959019095089253,10.603673520373823,830.8302920801311,-149.78570133113536,70.23400966109904,2.1771288944914255,5.581153467523739
1716,2017,1716_2017,-0.39290908841882816,0.8720871165243094,-0.10680811517783818,0.9842994238102594,1,1,0,0.5649592572042218,-0.0893990024218853,-0.8539918410907457,0.8016429844767777,1.2789607230844726,0.19729190532764648,-0.23291197134290095,0.2067700574331754,-0.6643404431043057,0.6507391510070383,14777.444550937951,0.04123127276277398,20.841922485874846,1.2479372903758736,10.985546895287154,930.8119087986148,-149.2717861889262,70.2169472543578,1.4714643697652472,8.723750635923343
1716,2018,1716_2018,-1.0786737894233973,0.2853942487002068,-1.761855206375396,-0.9002796531579359,1,1,1,-0.5213419203041184,0.5189878726910377,-0.678437762195446,0.8265250946844023,1.0236630529390658,-0.554790669156794,-0.11442902365208872,-1.297883993199081,-0.6602098812215879,0.5700725656162846,11884.486209615252,0.045618667664716075,23.348993207448864,1.254083195229204,10.84680604736222,742.8691147373651,-149.13948392528758,70.0440658525778,1.50675991936575,8.469280794637537
1716,2019,1716_2019,0.2559900230674113,0.1312868592727756,0.727219441381381,0.38473190685408903,1,1,1,0.49920350738449554,0.45355055706878683,-0.24837555044559115,0.8087901353126384,0.830075338625738,0.7055136232450708,1.9378898840154999,-1.4386519022726458,-0.6829442843936937,1.624502841763384,14602.328617282024,0.04514676506999861,29.490669813985942,1.2497026434204133,10.741601312762082,1057.8147312393376,-146.84779180853397,70.02789193310704,1.312495003941966,11.795573877682266
1716,2020,1716_2020,-0.11804797647289467,0.020043435696366286,0.754992210519544,-1.5603343540484873,1,NA,1,-0.551491657288295,0.06393024730493095,-0.10682506575872072,0.7197377123188725,0.8838979859641544,-0.662926388297707,-0.6007598693483767,0.8695845624367092,-0.6490079403699852,-0.15949610149090038,11804.193621424267,0.04233700991143482,31.512138514777067,1.2277066103624734,10.770851089013638,715.8463782950301,-149.68253820454817,70.29310316587579,1.6024802281701986,6.167792241148541
1718,2017,1718_2017,-0.39290908841882816,0.8720871165243094,-0.10680811517783818,0.9842994238102594,1,1,0,-1.4380441090205471,0.796619369538716,-0.09012960594846425,0.3787017106395714,1.0055008514532264,-1.0069856037372567,-0.17688669754708025,0.7005651444860728,-0.6943680665576024,-0.8852405018676419,9443.191568437707,0.047620813114783465,31.750564752076134,1.14347039404514,10.83693584669453,629.8671886873493,-149.20922638020585,70.27368321090935,1.2148790665852134,3.8783676735493207
1718,2018,1718_2018,-1.0786737894233973,0.2853942487002068,-1.761855206375396,-0.9002796531579359,1,NA,1,-1.898472203334903,1.8231167830811565,-0.035257897379704514,0.3688488565917608,1.024378409847451,-0.3187792082157823,0.0013463468995274488,-0.4134187283466174,-0.6836744158939349,0.04636527364235713,8217.012932526393,0.05502342106584573,32.534182283842654,1.1410367297374786,10.847194806194143,801.84754995791,-149.0102050383582,70.14568894311424,1.3062560482469858,6.817200062283888
1718,2019,1718_2019,0.2559900230674113,0.1312868592727756,0.727219441381381,0.38473190685408903,1,NA,NA,-0.5976639917588294,-0.7179770366457796,0.019694997252590912,0.4312765633038001,1.0946605081386453,0.16925700938215416,-0.15267642456116706,0.6391292508716793,-0.590038418545079,0.7218396074139093,11681.230816163155,0.03669826888704965,33.31895922588418,1.1564564325867264,10.88538942781098,923.8060867599588,-149.18219233031283,70.26662436345987,2.106373340435932,8.948043281627406
1722,2020,1722_2020,-0.11804797647289467,0.020043435696366286,0.754992210519544,-1.5603343540484873,1,NA,1,0.3430752045077767,0.1716578025038852,0.1651861319536621,0.055113508109329815,0.703622415551096,-0.4908704370370263,-0.9319652421485304,0.527769779791269,-0.17933867463737052,0.06969686450285252,14186.539068788883,0.04311388946918473,35.396703966154085,1.063543800688856,10.672880804032136,758.8425562572248,-150.05237387630308,70.25382940806546,5.615792541406768,6.890801618547309
1727,2020,1727_2020,-0.11804797647289467,0.020043435696366286,0.754992210519544,-1.5603343540484873,1,NA,1,-0.5258555111737983,1.1530727839548478,0.5295806284334755,-0.48788580533295545,0.24807287198827713,-1.5111138161559214,-0.9858727422977777,1.3624600508402467,1.2719492657878475,0.5191888914308682,11872.465942468245,0.05019138450145073,40.60058631953475,0.9294224545492763,10.425313601755185,503.88731889443835,-150.11256890382262,70.34973346258911,18.01701226413006,8.308763767280064
1806,2020,1806_2020,-0.11804797647289467,0.020043435696366286,0.754992210519544,-1.5603343540484873,1,NA,1,0.4315427856889967,-0.3926242370708289,0.6860056822163745,-0.9385273735566848,1.0683565722213135,-0.4428452938983578,-0.7575122410688494,0.26922821256078944,0.8560815987184893,0.15420653476298787,14422.139500983838,0.03904455752768276,42.834477294484046,0.8181135591964243,10.87109462296276,770.8438708640155,-149.85757346500995,70.2241235573801,14.463433286968296,7.157394809197938
1915,2020,1915_2020,-0.11804797647289467,0.020043435696366286,0.754992210519544,-1.5603343540484873,1,NA,1,-0.27158347925617937,-0.014115934345918221,1.5271056056702237,-1.2041682108642322,-1.3873757103357436,-0.7509379981377936,-0.4068247307502875,0.7814422415536281,0.4745260583519125,-0.7632727770178295,12549.624736853792,0.04177417821091954,54.84614347323981,0.752500020086268,9.536533367607214,693.85258609141,-149.46598334719812,70.28297580936882,11.203050587776321,4.263125593252715
924,2017,924_2017,-0.39290908841882816,0.8720871165243094,-0.10680811517783818,0.9842994238102594,1,0,1,0.05786091085962552,0.9073334524717842,-1.1579153224322527,0.8960470209907928,-0.8836342937385036,-0.47488335130952253,-0.3411745890193419,0.7932832067737268,-0.7405344807977062,0.6421700263171021,13426.977091910196,0.0484192300808687,16.50162081664066,1.2712551770560665,9.810290316637742,762.8376728341293,-149.39267606941274,70.2843363099203,0.8203881934411531,8.69671857811101
924,2018,924_2018,-1.0786737894233973,0.2853942487002068,-1.761855206375396,-0.9002796531579359,1,1,0,-0.8439922772311891,0.753142887524872,-1.0098969131182771,0.8270624520030192,-0.5498001320748024,-1.2630011666021033,-0.40501460087281627,-0.2075192957995719,-0.7829601167398944,-0.4611263907814762,11025.227229942693,0.04730728153916144,18.615457319786486,1.2542159229972631,9.991711614486452,565.8897986501357,-149.4639620919463,70.1693463296806,0.45786217876126184,5.216272953813458
924,2019,924_2019,0.2559900230674113,0.1312868592727756,0.727219441381381,0.38473190685408903,1,0,1,0.4115081291131671,-0.7178076716075454,-1.0026759236329894,0.7191907903873843,0.6559376249262304,-0.022818498573267173,-0.49911193184084907,1.1742762097048702,-0.6873477648940193,-0.7762903600399154,14368.784659751387,0.03669949026662852,18.718579568117473,1.227571520125951,10.646966629881433,875.8070918881231,-149.56903451065344,70.32811155804956,1.274867371472792,4.2220604822218135
924,2020,924_2020,-0.11804797647289467,0.020043435696366286,0.754992210519544,-1.5603343540484873,1,NA,0,-0.5825085749574102,2.0728356985110596,-0.4841062413596235,0.8942590972700334,1.163042212400805,-1.3030652704975745,-0.9509483886712307,1.1620715905826835,-0.741968409577293,2.6529899863768422,11721.59162066164,0.056824274340782514,26.124222750574486,1.2708135581989395,10.922551285286923,555.877919791173,-150.073571131308,70.32670927447404,0.808135307320442,15.040027069626568
