animal_id,yr,animal_yr,avg_biom_herd,avg_dn_herd,avg_de_herd,avg_fly_herd,alive_june1,Next_Yr_Calf_Present,Current_Calf_Present,avg_dist_m,avg_sinuosity,avg_biom,avg_dn,avg_de,HR_area_km2,centroid_x,centroid_y,resource_vol,move_vol,avg_dist_m_unscaled,avg_sinuosity_unscaled,avg_biom_unscaled,avg_dn_unscaled,avg_de_unscaled,HR_area_km2_unscaled,centroid_x_unscaled,centroid_y_unscaled,resource_vol_unscaled,move_vol_unscaled
1311,2019,1311_2019,0.49997190170103284,-0.2720244745375989,0.7760228782715608,0.7054096785465599,1,1,1,-1.8591703232862935,0.5303969554523297,-0.20480308162904273,0.7157267264444168,0.9805343640167146,-0.49924185445871017,1.8986408108880013,1.1596984195166675,-0.6425989885810239,-0.0027120374977756844,6836.668664027892,0.048360050325994726,30.005579631271956,1.228020801431978,10.84348161466286,649.6868631480431,-146.0455964356333,69.95128428309805,1.6245584159471051,4.705418676442653
1407,2017,1407_2017,-0.3661645006384311,0.8124679286942499,0.3108554617286773,1.0270531923306805,1,1,1,1.0179412414048614,-1.3085475610759223,0.05181376466275104,0.3054101620368566,1.237978638882849,0.29622553498325577,-0.3016596222894421,-1.142961779625853,-0.582441414109385,-0.37793931658951274,15557.314248402243,0.03415038060082405,33.41046435878343,1.1246341523367944,10.971773296242919,986.66618773483,-149.48736211164652,69.30588202305822,2.220493420219305,3.8406013188287966
1422,2019,1422_2019,0.49997190170103284,-0.2720244745375989,0.7760228782715608,0.7054096785465599,1,1,0,-1.359248472506697,-0.3395406877582469,0.8545860710981068,-0.5868666504845015,0.11586709887915453,-0.08624346615165783,-0.5783463121316419,0.7344900753738592,-0.5122171714513244,-0.2544632680643169,8351.952719758046,0.04163797335172417,44.06193640884077,0.899808937578258,10.41259373607473,824.6430207408434,-149.92016244097854,69.83210455071732,2.916151194256937,4.1251867846633665
1424,2018,1424_2018,-1.464029229611552,0.9395683079512698,-1.676981914319078,-0.08191650624199141,0,NA,1,-0.24788116283298983,0.09606015629163293,1.1277560733535221,-1.2133261872524153,-0.8275493166288508,-0.2961573009516747,1.4964644881535614,-0.3107590810979143,-0.2991707083358641,-0.3412379189271701,11720.553555632963,0.04500389552627678,47.686454370674525,0.741961173392401,9.942462953641568,735.7184171540704,-146.67469082766308,69.53913637063464,5.026639291923587,3.92519006681085
1426,2018,1426_2018,-1.464029229611552,0.9395683079512698,-1.676981914319078,-0.08191650624199141,1,1,0,1.3690852507801363,-0.4946916290493391,1.3225377225389117,-1.4290407904562528,-0.9727598942242534,1.669207018966714,-0.5177348602182558,0.824878946838965,-0.5331184175086109,1.3462546957100043,16621.646439207194,0.040439109757156394,50.27088743535614,0.6876079936265709,9.870100462020371,1568.2945225776682,-149.82535247247458,69.85743924054596,2.7090985617689776,7.814493924238085
1426,2019,1426_2019,0.49997190170103284,-0.2720244745375989,0.7760228782715608,0.7054096785465599,1,1,1,-0.11506904380339608,0.49314216477042416,1.359365955760643,-1.6282521613595515,-1.0629559538240727,-0.574748219834512,-1.0848138979155955,1.4885875936620205,-0.5408247363445218,0.23079494447765359,12123.11264773795,0.04807217961183655,50.75953769604603,0.637413100497927,9.825153243194189,617.7005311575007,-150.71239186859685,70.04346714897426,2.6327579647828627,5.243601538907207
1443,2018,1443_2018,-1.464029229611552,0.9395683079512698,-1.676981914319078,-0.08191650624199141,1,1,0,-0.7949701412663875,-1.509569728866728,-0.42883791295899987,-2.317458000187381,-0.26094736295104926,3.19631314717754,1.1314363160521799,-0.737398220429604,0.4149024144560077,-0.74429710640176,10062.303961635302,0.03259706641104202,27.033004811462188,0.46375527531086375,10.224816552150097,2215.213803602916,-147.24567714142847,69.41955560711223,12.100414676306109,2.996226207046959
1453,2019,1453_2019,0.49997190170103284,-0.2720244745375989,0.7760228782715608,0.7054096785465599,1,1,1,-2.1031765174534636,0.7269888119194835,-1.164424341113877,0.8919883159482518,1.049109007324523,-1.3368640245893932,0.7086123535711288,1.7230958086424317,-0.7781723168016322,-0.6988517286508901,6097.075675755176,0.04987913114977634,17.27297918889904,1.2724330837616078,10.877654277109077,294.8497486466336,-147.9070690945999,70.10919640073386,0.28153731441592184,3.1009679294435926
1506,2018,1506_2018,-1.464029229611552,0.9395683079512698,-1.676981914319078,-0.08191650624199141,1,1,1,0.8280322601406601,-1.26370600619663,-0.6209887574711528,0.8601511775723056,1.138282874528673,0.572305339094132,1.1095551892532702,-0.9931084737718168,-0.71968746940137,-0.911157936039427,14981.692176870767,0.034496874841988434,24.483478210570503,1.2644111432917629,10.922092108878946,1103.620304466881,-147.27990415426427,69.34788373147731,0.8609018930487535,2.6116482463885524
1506,2019,1506_2019,0.49997190170103284,-0.2720244745375989,0.7760228782715608,0.7054096785465599,1,1,1,0.33352549132465587,-0.1674772058824674,-0.39150067943696126,0.6447586403966249,1.253621811283635,-0.2536122661639093,-0.5795326637330054,-0.9719183929972234,-0.6809764931568167,0.06169200268513746,13482.821461239886,0.042967521485037935,27.528408671433887,1.2101391138628357,10.979568726510642,753.7415281924249,-149.92201816220629,69.35382300381434,1.24438187867475,4.853855996846073
1507,2017,1507_2017,-0.3661645006384311,0.8124679286942499,0.3108554617286773,1.0270531923306805,1,1,1,-0.46730967986158967,1.7157338617932754,-0.11147681504376003,0.34568283971623603,1.4195445706901195,-0.4967956083627539,0.5979307520257444,0.45314084402915966,-0.7198088848300296,2.0349359964555624,11055.45653555384,0.057519242352059116,31.243866144272623,1.1347815788765276,11.062252677543269,650.7231524643993,-148.08020005954498,69.75324644137146,0.8596991234119706,9.401754701734053
1507,2018,1507_2018,-1.464029229611552,0.9395683079512698,-1.676981914319078,-0.08191650624199141,1,1,1,-1.0873691753227097,3.3211327727874322,0.2795136950420705,0.12398283314114127,0.7442791738667749,-0.9994082221597804,1.9214286023101086,0.6402765494310445,0.21716917304572786,2.7265814081099524,9176.03025000316,0.06992428671165885,36.4316690326278,1.0789202689211919,10.72574904654841,437.80423036384957,-146.0099511950261,69.80569786570472,10.141622934791586,10.995847110901511
1507,2019,1507_2019,0.49997190170103284,-0.2720244745375989,0.7760228782715608,0.7054096785465599,1,0,1,-1.50148007325614,1.253434939542061,1.3743325111382765,-0.6054754447884626,-0.8168208480246681,-1.5020445678317556,-0.5426000702518488,2.4401705676000613,-0.2551267524455883,-0.4774543408443879,7920.8427842740975,0.05394702201563811,50.958119342438856,0.8951201166685637,9.947809249568037,224.8752548641316,-149.86424726389944,70.31018205646419,5.462949021366059,3.6112408082409213
1509,2015,1509_2015,1.2409465571860478,-2.1338385720625834,1.16251416824011,-1.6737188120856572,1,NA,1,-0.5564131714485024,0.6188892192134597,1.4856628430456404,-0.8194846827058849,-0.08047827095332298,-1.0300606388989308,-0.5272045019074879,0.535821502794243,0.46957857062741276,-0.7334795482719012,10785.38012280856,0.049043837047114666,52.43529027762032,0.8411966344039795,10.314749347500289,424.8191214495071,-149.84016512589167,69.7764206309668,12.642049468728718,3.0211583283477976
1509,2016,1509_2016,1.1537994945262657,-0.8009091688172254,0.08129318984704377,-1.3696155774678103,0,NA,NA,-1.0205879367429718,0.6682162331447477,1.2643221066729369,-0.9107640190399557,-0.13231187110947726,-1.471316248904849,1.3149197552036223,0.8354233011408074,0.7251909522648582,-1.2161321248765233,9378.44697950595,0.04942499078513813,49.49846167988043,0.8181971614754673,10.288919215018845,237.89251779044773,-146.95866769786974,69.86039467013978,15.174205511937426,1.908748998847318
1512,2015,1512_2015,1.2409465571860478,-2.1338385720625834,1.16251416824011,-1.6737188120856572,1,NA,NA,-1.2261942387082923,1.1577652456695369,0.9247191748526716,-0.7565869490199324,0.924893648994416,-1.4571099825249014,-1.0498678158634844,-0.3043649237493714,0.27523573416376873,-0.6275261790332812,8755.245671861878,0.053207774724369515,44.99248768525762,0.8570448513309783,10.81575429037787,243.91063759416858,-150.65772832179002,69.5409285602097,10.716843871670708,3.2653578253487243
1512,2016,1512_2016,1.1537994945262657,-0.8009091688172254,0.08129318984704377,-1.3696155774678103,1,1,NA,0.42687443396914243,-1.407340755984948,0.6866485422964208,-0.9147409072343851,0.9881757706607024,-0.47305971501201294,-0.8754072899110927,-0.9976160063592745,0.6408969745715865,-1.0319059292775157,13765.766013849212,0.033386997770002196,41.83368080031113,0.817195112862485,10.847289541285054,660.7782539254507,-150.38483274762743,69.34662033546246,14.339169651566374,2.333350355302096
1512,2017,1512_2017,-0.3661645006384311,0.8124679286942499,0.3108554617286773,1.0270531923306805,1,0,1,1.2855794962396414,-1.5917643549982268,1.310201881105901,-1.1131326931255947,0.1335407403043383,0.8459538605923311,-0.1030471829516059,-0.4685115758575718,0.5196506284543131,-0.4920641705199287,16368.537001762912,0.031961942033979535,50.107211048933316,0.7672067289401435,10.42140100583926,1219.5444707778665,-149.17668750274547,69.4949206341214,13.138074985998527,3.577568324924215
1512,2018,1512_2018,-1.464029229611552,0.9395683079512698,-1.676981914319078,-0.08191650624199141,0,NA,0,0.33065018635811244,1.2723165434243013,1.1317301041632608,-1.218505656550499,-0.025420855326081227,0.4468716693061193,-0.6641066676085464,1.564622624810267,1.3972746144752026,2.535948171061392,13474.106291530119,0.05409292166222161,47.73918324255597,0.7406561128092548,10.342185997384789,1050.4835525564617,-150.05431096151347,70.06477866552522,21.83202347797628,10.556478915879087
1513,2015,1513_2015,1.2409465571860478,-2.1338385720625834,1.16251416824011,-1.6737188120856572,0,NA,1,-0.02296897055626921,0.6431642793796033,0.965786856724629,-1.4147778765035497,-0.27252332975710497,-0.08626280347108575,-0.5756464848310938,0.8267804600471147,0.5381597795429431,2.3786813275735947,12402.271824927982,0.04923141235698359,45.5373884773168,0.6912017917030195,10.219047924169397,824.6348289822288,-149.91593930272248,69.85797220712196,13.32143096618815,10.194013008937025
1516,2016,1516_2016,1.1537994945262657,-0.8009091688172254,0.08129318984704377,-1.3696155774678103,1,1,NA,-0.5675652521137954,0.30721992028699147,-0.034479126416303345,-1.7967187212594944,-0.8795629412380437,-0.9001904751240362,-0.48583130613281944,-0.7541416835682214,0.5209435999276677,-0.42486734405475407,10751.577699501831,0.04663554372373502,32.26549920480523,0.594964916282415,9.916543109940802,479.8352800673233,-149.77544812498712,69.41486265721255,13.150883463854639,3.7324424109563274
1516,2017,1516_2017,-0.3661645006384311,0.8124679286942499,0.3108554617286773,1.0270531923306805,1,1,1,-0.45822028095905903,0.5545913922617179,0.012128236391749269,-1.8937630088944915,-0.35897673182376744,-0.6288559956386605,-0.1603094320964131,-0.5061470911014044,-0.3551644997021494,9.772112043010062e-4,11083.006884096712,0.04854700265280933,32.8839024784324,0.5705128600343377,10.175965776255188,594.7791619255499,-149.26625856343617,69.48437194499863,4.471951697050302,4.713921593186428
1532,2017,1532_2017,-0.3661645006384311,0.8124679286942499,0.3108554617286773,1.0270531923306805,1,1,1,0.9632058850342512,-0.32949876132863426,-1.4547467267393024,1.1016617912806865,-1.5141596229726595,0.7586400124098257,0.08549181073345785,-0.4873289967910515,-0.7237884554261382,0.5066340143205119,15391.409092098804,0.04171556811148269,13.420877227725814,1.3252640925464012,9.6003058369729235,1182.5562020214884,-148.88177003271696,69.4896463839289,0.8202765662190842,5.879350666970582
1537,2015,1537_2015,1.2409465571860478,-2.1338385720625834,1.16251416824011,-1.6737188120856572,1,0,NA,-0.3054801654527054,0.17572926801684,-1.0527562813275415,1.0563321850134724,-2.110858536885572,-0.6997448412190979,-0.9391801964123808,0.8822159077398513,-0.5872582715299425,-0.4447507003398396,11545.96856768033,0.04561950505377365,18.7546312191987,1.3138424817626935,9.302954081519486,564.7489235757532,-150.48458794348437,69.87350995917089,2.172776503892305,3.6866155945143424
1538,2015,1538_2015,1.2409465571860478,-2.1338385720625834,1.16251416824011,-1.6737188120856572,1,NA,1,-0.2622522219292674,0.28720147069296253,-1.0779188133463826,1.1139853067621368,-0.6001109658747146,-0.7775621688745858,-0.8192033420129465,0.25473617415178673,-0.7515493764156777,-0.13205913451707915,11676.994273960065,0.04648085958042103,18.42076568303257,1.328369224245238,10.055801844122685,531.7836117822794,-150.29691710855585,69.69763648972119,0.5452703892945001,4.407301719354603
1538,2016,1538_2016,1.1537994945262657,-0.8009091688172254,0.08129318984704377,-1.3696155774678103,1,1,NA,-0.4915239254705646,0.25431262006854866,-1.045875605523779,1.221816277444001,-0.6739302646486933,-0.7043714540349044,1.3337086858438738,-0.3959382067756993,-0.7735257067145532,-0.630994743425029,10982.062143539177,0.0462267248303984,18.845926503579793,1.3555391795785683,10.019015623191189,562.78897791049,-146.92927757659743,69.51526189699709,0.32756772083465324,3.2573635379950816
1538,2017,1538_2017,-0.3661645006384311,0.8124679286942499,0.3108554617286773,1.0270531923306805,1,0,1,-0.47677324706499685,0.3382855299863484,-1.0987546887768287,1.0749292924947176,-0.5819066377201295,-0.5487156734037749,0.8778424693821235,0.527846378449397,-0.7355811643505034,0.42624220550674774,11026.772067228858,0.04687559014692581,18.144307784564017,1.3185283579668994,10.0648735699251,628.7285506966272,-147.64235506047825,69.77418531927027,0.7034552331625868,5.694065013325128
1538,2018,1538_2018,-1.464029229611552,0.9395683079512698,-1.676981914319078,-0.08191650624199141,1,NA,0,0.21543282706089859,-0.35169983304210845,-1.1320640706846874,0.9968346536293767,0.5667480181142575,0.26546182390360445,1.4006077605842027,-0.41667541197434244,-0.6877640695781403,-0.33080420816771455,13124.877652665578,0.041544018674423616,17.702346910288625,1.2988510070506776,10.637280306988423,973.633931832201,-146.82463234918828,69.50944955911628,1.177142558952072,3.9492375033163754
1548,2015,1548_2015,1.2409465571860478,-2.1338385720625834,1.16251416824011,-1.6737188120856572,1,NA,NA,0.09518242611442858,-0.06268858691612263,-1.1889948833427795,0.942915827085925,0.9539644080109448,-0.024966418096348947,-0.5931249750414902,1.2592640720762878,-0.763876991963498,-0.3366252194484544,12760.393653886182,0.04377723143174129,16.94696838644869,1.2852651875078553,10.830241062557901,850.6014679888642,-149.94327959987808,69.9791910915834,0.4231501461051765,3.935821336968781
1548,2016,1548_2016,1.1537994945262657,-0.8009091688172254,0.08129318984704377,-1.3696155774678103,1,1,NA,0.8978278554361075,-1.4442252806677187,-1.0543642900959371,1.085115624043181,0.8397174882741348,0.5676270272684537,-0.1964382941924504,-1.169606042114533,-0.7307344058546252,-0.5804298121891178,15193.245547755556,0.033101988130504446,18.73329557979571,1.3210949876784948,10.773308627544543,1101.6384578441937,-149.32277224475013,69.2984140226847,0.7514683565359234,3.3739047189167275
1548,2017,1548_2017,-0.3661645006384311,0.8124679286942499,0.3108554617286773,1.0270531923306805,1,0,1,-0.42616490965408566,0.6837623854063885,-0.8907491683351934,0.9574961967629698,1.116339961792295,-0.5227632493659002,0.7352877257771685,0.585776100914085,-0.6935929697030472,0.08082974294164494,11180.168056314309,0.04954511713324143,20.904199935153695,1.2889389742721191,10.911157341830123,639.7226284423007,-147.86534280164952,69.79042218036516,1.1194001108672296,4.897964330332367
1548,2018,1548_2018,-1.464029229611552,0.9395683079512698,-1.676981914319078,-0.08191650624199141,0,NA,0,0.20830677987266383,2.410402713185279,-0.47464269949469257,0.9148782172661344,0.9942281311713325,0.6878493865014669,0.5879310613689985,-0.36026674500188965,-0.5832332971007043,5.061508647895688,13103.278305351845,0.0628870035095733,26.425250408834373,1.2782006066954972,10.850305601781413,1152.5675719125793,-148.09584182898436,69.52526009041543,2.2126488420766575,16.377347119696
1551,2015,1551_2015,1.2409465571860478,-2.1338385720625834,1.16251416824011,-1.6737188120856572,1,NA,1,0.5358404992264251,-0.4549000733516014,-0.4988216156485352,0.8914338358372919,1.1910321022802957,0.05069222715838409,-0.812873717151582,-0.046865432389258846,-0.5995446801908292,0.12723363921854994,14096.04671880845,0.04074658225522994,26.104435842177327,1.27229337251026,10.948378524196684,882.652309438162,-150.28701614900442,69.61310193331303,2.0510644657637163,5.004915229686806
1551,2016,1551_2016,1.1537994945262657,-0.8009091688172254,0.08129318984704377,-1.3696155774678103,1,0,NA,0.6590909390282104,-0.5419738991309504,-0.41666589349240896,0.861628569906308,1.0590315038111917,0.15474035964901084,-0.3977480260362684,-1.8968678630431648,-0.6223624196680998,-0.2092141254946419,14469.623960935663,0.04007375591658244,27.194507549040228,1.2647833989013602,10.882598934590424,926.7296278506799,-149.63766602691737,69.09457308121934,1.8250266011672989,4.229476227600781
1551,2017,1551_2017,-0.3661645006384311,0.8124679286942499,0.3108554617286773,1.0270531923306805,1,0,0,1.0408692529040582,-0.45002790444815644,-0.05389565833785772,0.5492876704725281,0.8414121879755931,0.7751580726475089,-0.23126599056606645,-0.4587351279033752,-0.7121979818461331,0.0589173352038975,15626.810010990239,0.040784229889696856,32.00787366713587,1.1860834833508895,10.774153143797959,1189.5536539048185,-149.3772506096797,69.49766083070236,0.9350945086491514,4.847460991117301
1551,2018,1551_2018,-1.464029229611552,0.9395683079512698,-1.676981914319078,-0.08191650624199141,1,NA,0,0.34181141134040305,-0.5098423974664791,-0.12212029944297126,0.6273522323463592,0.9721701659700538,-0.04130435582546175,1.454248609150668,-0.3713443476474588,-0.671608040374178,-0.9117924298475751,13507.936431644435,0.04032203857129128,31.10264456041303,1.2057532558273485,10.839313500871894,843.6803203790802,-146.74072597502024,69.52215519904416,1.3371879633296055,2.6101858760088903
1553,2015,1553_2015,1.2409465571860478,-2.1338385720625834,1.16251416824011,-1.6737188120856572,1,NA,1,-0.18809086514007148,-0.2113293508829778,-0.1972377781783796,0.4958590321691065,0.999059651637826,-0.5345413134629052,-1.0268055697625418,0.496504754150765,-0.462200034444396,-0.9077221186672434,11901.780450676968,0.04262867249226139,30.105958801815042,1.172621175564498,10.852713283543057,634.7331541570846,-150.62165377222163,69.76540071650379,3.4116326530374854,2.619567058976614
1553,2016,1553_2016,1.1537994945262657,-0.8009091688172254,0.08129318984704377,-1.3696155774678103,1,1,NA,1.4948477699095657,-1.451366653033951,-0.13376937589347354,0.3162819436828224,1.0516753131931287,1.1269672418969507,-0.32035171202328677,-1.5837668583516236,-0.5104750042846145,-0.24193311633867895,17002.837898928563,0.033046806181404535,30.948080419090726,1.1273734935469009,10.878933139089998,1338.588570748213,-149.51660075191984,69.1823307521618,2.9334095097235235,4.154066062129805
1554,2015,1554_2015,1.2409465571860478,-2.1338385720625834,1.16251416824011,-1.6737188120856572,1,0,1,-0.4679183525444776,0.44353423303723827,-0.09599315494511468,0.2854167731261892,0.8796744100230608,-0.6619252069754924,-0.7101867009902325,-0.015146096405311673,-0.32907486250454115,-0.8172069484273528,11053.611623173834,0.04768885519973945,31.449308922319663,1.1195964578763837,10.79322027904504,580.7702400655089,-150.12639051703744,69.62199240318724,4.730401745799305,2.828184861339785
1554,2016,1554_2016,1.1537994945262657,-0.8009091688172254,0.08129318984704377,-1.3696155774678103,1,0,0,-1.1483294160037638,0.7331081755605487,1.765905317808728,-0.6960806692265014,-1.5235055998211793,-1.2116941426333554,0.7486373724487227,-0.575722105430418,-0.10768535656029528,-0.33060908107528447,8991.257208789966,0.04992641595662408,56.153648351571015,0.8722904983744765,9.595648475349604,347.87475361854473,-147.84446094615004,69.46487107747724,6.92353797726263,3.9496872288717313
1555,2015,1555_2015,1.2409465571860478,-2.1338385720625834,1.16251416824011,-1.6737188120856572,0,NA,1,-1.7721422497729307,1.3314039294528046,1.0451798489958135,-0.7325467992096004,0.07205711108042892,-0.20417356817616988,-1.5431159497517912,0.3479430834402252,1.996348517133279,-0.26521203136161015,7100.454397718196,0.054549494567408444,46.59080328917297,0.8631022000910145,10.390761994010848,774.6849625525006,-151.42927954787544,69.72376103468379,27.766589688058694,4.100413220505444
1556,2015,1556_2015,1.2409465571860478,-2.1338385720625834,1.16251416824011,-1.6737188120856572,0,NA,NA,-0.9940482145335569,1.4874905346274176,0.9804328308135066,-0.631905534315632,-0.1381659318455156,-1.192877313636805,-0.9772141782823777,0.6868075859593634,2.8170064395313155,-0.017933228117738998,9458.889988437688,0.055755588110807795,45.73171653572511,0.8884605795488641,10.286001972845607,355.84601983295346,-150.54408166140962,69.81873984043835,35.89621902876382,4.670337138971399
1557,2015,1557_2015,1.2409465571860478,-2.1338385720625834,1.16251416824011,-1.6737188120856572,NA,NA,1,0.35887511333053645,-0.5474764011133995,0.5895636282209038,-0.7509261026000349,1.6282194253749982,0.11920813040641726,0.7455258592313027,-0.9606741178749764,2.537955924962625,-0.1584565395873269,13559.65722663881,0.040031237648559696,40.54552319887441,0.8584712035506131,11.166241193212992,911.6773117279137,-147.84932805394618,69.35697461106369,33.131879358286376,4.346461435684468
1559,2015,1559_2015,1.2409465571860478,-2.1338385720625834,1.16251416824011,-1.6737188120856572,1,NA,1,-0.7555457944551192,0.5454768267531502,0.2558973583750668,-0.6461935937148725,2.4507454725806173,-0.8743162811219617,-0.8537887724864754,0.401420525720172,1.4538613271512666,-0.05667270594222211,10181.800807067306,0.048476573684234636,36.11831897319399,0.8848604456242363,11.576128924428913,490.796217668,-150.35101651502737,69.73874998621102,22.39258469003542,4.581051059002466
1559,2016,1559_2016,1.1537994945262657,-0.8009091688172254,0.08129318984704377,-1.3696155774678103,1,0,NA,0.6737148215346744,-1.1024753570563204,0.542559577836414,-0.614933103577051,1.9860929586999325,-0.3809266621413645,-0.5369080584937616,-2.333268327937667,3.651615320467819,-0.4274608146429223,14513.949560947665,0.03574271681996389,39.92185653163096,0.8927370891837982,11.344579582781478,699.8080549462692,-149.8553436749163,68.97225635970297,44.16404982804241,3.726465024699822
1559,2017,1559_2017,-0.3661645006384311,0.8124679286942499,0.3108554617286773,1.0270531923306805,1,1,0,0.6644701711262118,1.2618184376934776,0.6285895206385025,-1.0210441600332867,1.733121485300749,1.100760453591444,0.20132350146487069,-0.2550129812501679,2.732840502764158,2.33519634724281,14485.928638591706,0.05401180196892246,41.063332793179434,0.7904100935672851,11.218516823254035,1327.486738114981,-148.70058316780404,69.55476119397746,35.06245157175711,10.09378957668394
1560,2015,1560_2015,1.2409465571860478,-2.1338385720625834,1.16251416824011,-1.6737188120856572,1,NA,0,0.16692205963253579,-0.0696219048960693,0.8342043359036666,-0.8666800770850083,1.2100620410360157,-0.400070306865748,-0.5407644315873114,0.7257000125938428,1.9630845304523303,0.4218560926225699,12977.839485998526,0.04372365713533966,43.79150420656508,0.8293049046985791,10.957861674849797,691.6983416444107,-149.86137591139962,69.82964082359587,27.437068855163954,5.683955976040119
1601,2018,1601_2018,-1.464029229611552,0.9395683079512698,-1.676981914319078,-0.08191650624199141,1,1,0,3.239777670470857,-2.0456587287015573,1.6699168217119744,-1.2527665234112675,-1.2519292354645306,3.2878951536938423,-0.7571602279457937,0.7263713735032887,0.8848909932099932,1.2043847129570178,22291.79346781213,0.028454664308921303,54.88003841871026,0.7320234702910435,9.730982572325852,2254.010167991676,-150.1998676978438,69.82982899632253,16.756231473236408,7.4875144362164665
1601,2019,1601_2019,0.49997190170103284,-0.2720244745375989,0.7760228782715608,0.7054096785465599,1,1,1,0.48445506488043655,-0.6431570142133421,1.3577568973815588,-0.9412940882489608,-0.2039639091467199,-0.027213331052270785,-0.8956196026626311,0.35958048895634936,-0.1597242645797632,-0.4510096317180041,13940.295316384607,0.03929190598355721,50.738188130030444,0.8105045606253883,10.253213000719786,849.6496210365674,-150.4164493592556,69.72702283068126,6.408028381916118,3.6721901174833205
1602,2018,1602_2018,-1.464029229611552,0.9395683079512698,-1.676981914319078,-0.08191650624199141,1,1,0,0.6708178555775474,1.154186342687546,0.9273914939790723,-1.4292673407206173,-0.5601427819571201,1.228203482437237,-0.33243436150354017,-0.3006128900440505,3.498020775699324,2.8925480544541786,14505.168735868741,0.05318012025796477,45.027944977762,0.6875509102068018,10.075719107876775,1381.474703371328,-149.53550073831687,69.54198020084432,42.642506340015764,11.378364173335973
1602,2019,1602_2019,0.49997190170103284,-0.2720244745375989,0.7760228782715608,0.7054096785465599,1,0,1,-0.31935040237924067,0.29455145546360956,1.5375187186269055,-1.4532951948866375,-1.5697485533924556,-0.7517112614193605,-1.0522093099740446,1.5596543651258248,-0.2789551645915664,-0.7595831992336041,11503.927298967623,0.04653765349406944,53.12333270877707,0.6814966595558213,9.572604318403513,542.7346846355971,-150.66139094619294,70.06338613438668,5.226899196905337,2.9609950840777692
1608,2017,1608_2017,-0.3661645006384311,0.8124679286942499,0.3108554617286773,1.0270531923306805,1,1,0,0.038711137324679935,-0.5271646178345477,0.6781627819186588,-1.6145803248684736,-1.3094361286243406,-0.20182934024329138,0.9288595019683353,0.24977546226667346,-0.1565493343378378,-0.3681047925747639,12589.226813756673,0.04018818840445668,41.72108867579133,0.64085796596133,9.702325279287376,775.6780344948376,-147.56255292573354,69.69624607412133,6.439479983545731,3.8632677600651912
1615,2019,1615_2019,0.49997190170103284,-0.2720244745375989,0.7760228782715608,0.7054096785465599,1,1,1,-0.35263657818782657,-0.9182002609966416,-1.3862696527583753,1.0679152870602622,-1.6648462210963781,0.6147952701031951,-0.36507145243048766,-1.0999048573395966,-0.4826928314459582,-0.27070332660780194,11403.035506779852,0.03716662506191867,14.329455704749158,1.3167610529602132,9.525214491185869,1121.6200722049623,-149.58655250271391,69.31795025395232,3.208626212436514,4.087756977984419
1617,2016,1617_2016,1.1537994945262657,-0.8009091688172254,0.08129318984704377,-1.3696155774678103,1,1,1,-0.6338518292997128,0.5320283475595404,-1.3364261388124554,1.0227727173475814,-1.9556500336089688,-0.8340859879499541,-0.8720180766650943,-1.2736019805064027,-0.5786104364452502,-0.7758350578825979,10550.660309389532,0.04837265622183735,14.990797397051747,1.3053865694053548,9.380298819099039,507.83874788478465,-150.37953125441183,69.26926546932972,2.2584439810704446,2.923538080719278
1617,2017,1617_2017,-0.3661645006384311,0.8124679286942499,0.3108554617286773,1.0270531923306805,0,NA,1,-0.303469468163412,2.2394306356475506,-1.2309579732403548,0.9938919839904408,-0.08814033269340765,-0.21836348758249238,0.5163126945530034,0.4410748914870067,-0.540698372747507,2.1170291450592185,11552.063075329104,0.0615658887439011,16.390186998258066,1.2981095484312748,10.310931127866091,768.6737677242148,-148.2078690926083,69.74986452985749,2.634009752132807,9.590961573967503
1618,2016,1618_2016,1.1537994945262657,-0.8009091688172254,0.08129318984704377,-1.3696155774678103,1,1,1,-1.333136974693204,-0.6795227051841085,-1.2029542064455403,0.9962076311682937,-0.4071996207905057,-0.32665985389409746,-0.6869434260383873,-2.044392897894041,-0.7230785967993688,-0.7187449021784943,8431.09776262088,0.03901090541318776,16.76175106059572,1.298693017447571,10.15193496213276,722.796794187325,-150.0900327975546,69.05322395339724,0.8273085918200488,3.055118486390465
1618,2017,1618_2017,-0.3661645006384311,0.8124679286942499,0.3108554617286773,1.0270531923306805,NA,NA,1,-1.4056702900930431,1.3205775597657008,-1.0070088776225279,1.0206103303444694,-0.7862860049500601,-0.8484014141544044,-0.7532460312193204,0.9520658125688454,-0.4993812311758732,0.040647205622685485,8211.246247502613,0.054465838352556036,19.361624245764794,1.3048417170506332,9.963025615777235,501.774385325646,-150.19374501216907,69.89308787451289,3.043307021101236,4.80535231174321
1619,2018,1619_2018,-1.464029229611552,0.9395683079512698,-1.676981914319078,-0.08191650624199141,1,0,1,0.4893964151163196,-1.0869840478635675,-1.0519843751970464,0.9660614659950019,-0.5731152011462216,0.07432176502179212,1.4254055057333195,-0.37797239510826736,-0.7748828372938548,-1.0839362050559924,13955.272755787457,0.03586241939133624,18.76487314771109,1.2910971481342357,10.069254588621893,892.6623561291962,-146.78584308804474,69.52029745346258,0.3141236678674701,2.21343187356596
1621,2018,1621_2018,-1.464029229611552,0.9395683079512698,-1.676981914319078,-0.08191650624199141,1,1,0,2.370547642706361,-1.3080043004772057,-1.1863502921540512,0.9801704766895143,0.22702723796915816,1.994776840953473,-0.2413664633122694,1.085182674329346,-0.6885398737517607,0.32766798889727905,19657.12086892605,0.03415457841843795,16.982057774690855,1.2946521675126512,10.467987941970142,1706.213814022038,-149.39305002501644,69.93039860036885,1.1694572613385708,5.466872859963019
1621,2019,1621_2019,0.49997190170103284,-0.2720244745375989,0.7760228782715608,0.7054096785465599,1,1,1,-0.10286002942600658,-0.30988036638349814,-1.1114144010784084,1.0460454451608985,0.200862603711539,-0.2512635306393899,-0.545736936489129,-0.8642429680290057,-0.6870861490167136,-0.5396501410411605,12160.118681367783,0.04186716100088353,17.9763341628271,1.3112505523703057,10.454949373027086,754.736509660164,-149.8691540295315,69.38400286389579,1.1838581986070669,3.4678930012503164
1623,2016,1623_2016,1.1537994945262657,-0.8009091688172254,0.08129318984704377,-1.3696155774678103,1,1,NA,0.32951078202796613,-0.6970377881838047,-1.193940686576033,0.9978519365903895,0.31841326583781077,-0.39515791313757515,-0.7568777839495276,-1.3577646452935972,-0.605144012326073,-0.5779158626906479,13470.652709311602,0.038875564981544666,16.881345688104744,1.2991073298161808,10.513528155262078,693.7793510517043,-150.19942589178993,69.24567589493883,1.9955961718830986,3.3796988263379792
1623,2017,1623_2017,-0.3661645006384311,0.8124679286942499,0.3108554617286773,1.0270531923306805,1,1,1,-0.6932477208212932,1.013853917995768,-0.5057188621399354,1.0660883940740278,0.6906927043814907,-1.1056298343936473,-0.8234168807978297,1.6439198699956112,-0.5575831946284785,-0.47663167092663167,10370.628875960134,0.052095760513187275,26.012920691945347,1.31630073436602,10.699045410261371,392.80617309314425,-150.30350803266134,70.08700453336131,2.466744757023738,3.6131368836706836
1623,2018,1623_2018,-1.464029229611552,0.9395683079512698,-1.676981914319078,-0.08191650624199141,1,1,1,2.1598495369743818,-0.7977537715645424,-0.6833089739614652,1.10654168035016,0.9176910557927893,1.7895019255412083,0.6350446279285653,1.0533408685975627,-0.6215701081030813,0.6002457950247743,19018.486090929575,0.03809732461212454,23.656591135893446,1.3264936684948583,10.812165036765396,1619.2543694635865,-148.0221455946819,69.92147380400041,1.832875424861259,6.095105483694329
1623,2019,1623_2019,0.49997190170103284,-0.2720244745375989,0.7760228782715608,0.7054096785465599,1,NA,1,-0.07747176990696736,0.3674979446093495,-0.5610560264976787,1.0813224183257688,0.5100119427045595,-0.6572660634408231,-0.800946079255079,0.8311758788101077,-0.4736910542175321,-0.4087845644556737,12237.071558686403,0.04710131678518853,25.278687267646976,1.3201392211741174,10.609007133990701,582.7439665341291,-150.26835863565347,69.85920417925772,3.297799923281663,3.769509723838348
1624,2016,1624_2016,1.1537994945262657,-0.8009091688172254,0.08129318984704377,-1.3696155774678103,0,NA,NA,-1.0820714084062626,1.5950094369123393,-0.6275504814732706,1.0362479681942676,0.7579479108337271,-1.202250566098099,-0.8609153431054701,-0.5507253006997784,-0.504978316511951,-0.220313656232224,9192.088003283894,0.056586395172657594,24.396414893552134,1.3087819015747189,10.732560560424481,351.87528221943023,-150.36216407732127,69.47187731933305,2.987860984538709,4.203894220699618
1625,2016,1625_2016,1.1537994945262657,-0.8009091688172254,0.08129318984704377,-1.3696155774678103,1,1,NA,-0.6891715356448003,1.1335671728311993,0.46319632655755016,0.537679779349145,-0.7057051994422185,-1.1504066197174172,-1.0073078394107893,0.8048067110539223,-0.05050282545540893,0.00322863699527587,10382.983963853394,0.053020794301671635,38.868836333971004,1.183158666099017,10.00318128459936,373.83763827217996,-150.59115492848514,69.85181328394822,7.490001506046545,4.719110640496974
1626,2016,1626_2016,1.1537994945262657,-0.8009091688172254,0.08129318984704377,-1.3696155774678103,1,0,NA,0.7160181963109002,-0.09492817217404485,0.6823181743335865,0.33418884532700327,-0.9139894336839365,0.3646985115769473,-0.6270266536240785,-1.308903434485752,-0.38202642700927975,0.2322898991174976,14642.172860653469,0.04352811360655729,41.776223918760984,1.1318854599583519,9.899387426020143,1015.6730052502229,-149.99630946432086,69.25937098373022,4.205851161828737,5.247047084562928
1626,2017,1626_2017,-0.3661645006384311,0.8124679286942499,0.3108554617286773,1.0270531923306805,1,1,0,0.3910306273886741,0.5531053917540484,0.5847047178600935,0.45946170522850105,-0.8505345706714044,-0.14062264374352793,-0.8745772302157222,1.5564278406109884,-0.047997808310742456,0.9006533829667674,13657.121935733081,0.04853552020935569,40.481053426453244,1.1634502134468845,9.931008758770863,801.6066791136293,-150.3835343472247,70.06248178635707,7.514816791834248,6.787479708297627
1631,2018,1631_2018,-1.464029229611552,0.9395683079512698,-1.676981914319078,-0.08191650624199141,1,1,1,0.6874730884844494,-1.5090368554445108,-0.2752449263306652,0.13687326439433017,0.9958270765563664,4.526265123591012,-0.10075992863485317,1.6152469513719065,0.6774664896836592,0.5861905929750529,14555.651443973908,0.032601183966121564,29.070931868788097,1.082168245260103,10.85110240098119,2778.6137929589477,-149.17310972160203,70.07896793009324,14.70143582230136,6.062711296558492
1631,2019,1631_2019,0.49997190170103284,-0.2720244745375989,0.7760228782715608,0.7054096785465599,1,1,1,-1.583063202206874,1.1025936767690736,0.025267852226565378,-0.08658001072842601,0.7257682206039467,-0.7633700423363853,1.4425212165761918,-0.3390699768280973,1.3301721586294855,-0.7972946033274955,7673.560905470752,0.05278145964784119,33.05824363306751,1.0258651677140085,10.716524520879805,537.7957416052858,-146.75907025956582,69.53120123713347,21.167290854323955,2.874078490701801
1634,2016,1634_2016,1.1537994945262657,-0.8009091688172254,0.08129318984704377,-1.3696155774678103,1,0,NA,-1.2652642745909395,0.39457713505395553,-0.20293107566306248,-0.2731875881274692,1.0438840608894793,0.5534116518317339,0.36521246552963216,-0.7486117482303771,1.3395588052772214,2.4501165683974273,8636.822757685475,0.047310559831503646,30.03041808056117,0.9788460273804633,10.87505054018517,1095.6164792225761,-148.44422389854694,69.41641261789118,21.26027717166222,10.358655719241337
1634,2017,1634_2017,-0.3661645006384311,0.8124679286942499,0.3108554617286773,1.0270531923306805,1,1,0,-0.3547752549905975,-0.07324588079085484,-0.50911317505919,-0.11233103567640741,1.4913148970069758,0.9755657294358923,-0.2966711503335956,0.6266140046165631,0.3501321331006112,-0.28146800088786905,11396.553087868686,0.04369565438697284,25.96788372579846,1.0193767331464636,11.098017838199985,1274.451209383423,-149.47955901744425,69.80186845253101,11.458785118677632,4.062946742467973
1638,2017,1638_2017,-0.3661645006384311,0.8124679286942499,0.3108554617286773,1.0270531923306805,1,1,0,1.5460414516988437,-0.7750220325595201,0.4060446381400292,-0.7235367242310847,0.4549851115244437,1.3059406361659753,-0.5782737575363993,0.2838068496977353,1.9944276618917915,-0.6918140877264483,17158.008091326526,0.03827297455731699,38.110527151014864,0.8653724507728754,10.581585725191497,1414.4060515403412,-149.9200489492427,69.70578457848619,27.74756124672614,3.117188162798809
1638,2018,1638_2018,-1.464029229611552,0.9395683079512698,-1.676981914319078,-0.08191650624199141,1,1,1,0.22103415623423162,-0.7131846724808373,1.0631338465776576,-0.8296348956591043,0.18121649618044844,-0.1827700318346467,0.4639563173907052,-1.4728672920524828,2.2689617437640113,-0.42737376135357424,13141.855515853618,0.03875079672949074,46.82902339454628,0.8386391054230302,10.445159168242082,783.7520208830689,-148.28976626406745,69.21341429230097,30.46716007846622,3.7266656636188467
1638,2019,1638_2019,0.49997190170103284,-0.2720244745375989,0.7760228782715608,0.7054096785465599,1,NA,1,0.30488455678997906,-0.39760528833928305,1.7699413586983797,-0.8550077459248138,-1.1649558946494296,-0.015330965697258418,-0.6593562864488657,-0.48140665532667515,0.3378513582274157,-0.4445593187360023,13396.009589796522,0.041189303590584155,56.20719999552334,0.8322459587784313,9.774323820258465,854.6832798703185,-150.04688029496592,69.49130633035402,11.33712889016772,3.687056687532225
1639,2016,1639_2016,1.1537994945262657,-0.8009091688172254,0.08129318984704377,-1.3696155774678103,0,NA,NA,-0.21045887885628003,-0.014132637831186776,1.5810491363877475,-0.8227663160185716,-0.9590075913347144,-0.7797969593200682,-1.0739373279394688,-1.5246138485805396,1.8127894100096296,-1.0352658823778749,11833.98206480992,0.04415242709071186,53.70090996747174,0.8403697677815031,9.876953619132584,530.8369002201123,-150.69537846231282,69.19891048294824,25.948210236282346,2.3256063933785582
1640,2016,1640_2016,1.1537994945262657,-0.8009091688172254,0.08129318984704377,-1.3696155774678103,1,0,NA,0.7850238035966539,-1.3889327713107043,1.4507396174590192,-0.9957127270521606,-1.4935946546117052,0.08864655748442297,-0.3917979997960562,-1.7009222642585866,0.5885620381710684,-0.04459638046304378,14851.331744813102,0.033529237723505974,51.97191634424996,0.796792804381018,9.610553935805338,898.730686463001,-149.62835884514521,69.14949379090439,13.820727529832698,4.60888436556767
1640,2018,1640_2018,-1.464029229611552,0.9395683079512698,-1.676981914319078,-0.08191650624199141,1,0,0,0.7096156824061389,-1.0678320327819892,1.3479115512529027,-0.8544514240158654,-1.328174139941426,0.48020999040189294,1.1221933646124334,-0.47563243123283994,-0.21365232623681926,-0.31806175548726395,14622.766573008017,0.03601040852664441,50.607556532164075,0.832386134103957,9.692987604240669,1064.606475852654,-147.26013520021476,69.49292476162822,5.8738043887406555,3.978606088359822
1640,2019,1640_2019,0.49997190170103284,-0.2720244745375989,0.7760228782715608,0.7054096785465599,1,NA,0,0.8612312637846417,-1.4294510492912633,1.7095350298918046,-0.9803417988065318,-1.9774016251254727,0.42832527525338776,-0.5083793157209828,-0.7088042071277859,-0.5361036133570595,-0.21153912669952948,15082.31974657872,0.03321614978487509,55.40570707184882,0.8006657866163137,9.369459392764366,1042.6268491587346,-149.81071829277548,69.42757009436288,2.6795265134222266,4.224117604945928
1641,2016,1641_2016,1.1537994945262657,-0.8009091688172254,0.08129318984704377,-1.3696155774678103,1,1,NA,0.8900160434656247,-0.6299828036077554,1.6179856153565946,-1.0968819707830968,-1.3602441999052564,0.14525842748053902,0.08639205789056352,-1.5259554432950106,-0.6007452897163684,-0.10508490523791164,15169.56761868169,0.03939370415088237,54.190996471715,0.7713013911451484,9.677006196523319,922.7128508711096,-148.88036184330858,69.19853445340593,2.0391709469671966,4.469471457507294
1641,2017,1641_2017,-0.3661645006384311,0.8124679286942499,0.3108554617286773,1.0270531923306805,1,1,1,2.1962887794752315,-1.3979907887866188,1.2136312618453091,-0.9087221433573694,-0.4494258305860998,1.3391351473011261,-0.1466241503288576,-0.5152730909520308,-0.13328653096609214,0.0076855638104859,19128.93496024448,0.03345924570605209,48.825877296304974,0.8187116488323117,10.1308924609381,1428.4680534410838,-149.24485169901715,69.48181405958813,6.669926755186438,4.729382888508201
1641,2018,1641_2018,-1.464029229611552,0.9395683079512698,-1.676981914319078,-0.08191650624199141,1,1,1,1.2651528232883738,-0.654983439611648,1.066525604504229,-0.8610224329888185,0.1522400199823914,1.2801738902500288,0.42562576597721113,-0.5686621953282733,0.34385300022888077,0.42120485410854663,16306.62290101616,0.03920052225912785,46.87402646013017,0.830730450035075,10.430719379827108,1403.4906315610933,-148.3497238835854,69.46684986789421,11.396582559688081,5.6824550127513165
1641,2019,1641_2019,0.49997190170103284,-0.2720244745375989,0.7760228782715608,0.7054096785465599,1,NA,1,-0.18652125050005045,-0.009493641926843434,0.8484016553799634,-1.1955140012745575,-1.138849330421913,-0.48252665004618356,-0.42838665559942013,-0.7771822753601,-0.09071135741894792,-0.8294733029831421,11906.538018352707,0.044188272978972584,43.97987935400757,0.746449274485687,9.787333451281595,656.7678300965622,-149.68559174742376,69.40840471347397,7.09168638317258,2.7999135790381087
1642,2016,1642_2016,1.1537994945262657,-0.8009091688172254,0.08129318984704377,-1.3696155774678103,1,0,NA,-0.8477967872821675,0.4082944767408197,0.7694816955235692,-1.217222805656956,-1.344240093037062,-1.136179517366307,0.9740871773755964,-0.67284925720162,0.02687238799688345,-0.872256894607646,9902.184186313252,0.047416554815651206,42.93274090657569,0.7409793501988144,9.684981490529664,379.8645846998235,-147.49180665014526,69.4376477453991,8.256498469467052,2.7013066953715086
1642,2017,1642_2017,-0.3661645006384311,0.8124679286942499,0.3108554617286773,1.0270531923306805,1,NA,0,-0.44606766572664747,0.4451696308187039,0.3039315019858319,-0.650903994622086,-0.9782098123098949,-0.6690038067141335,1.536724448017255,-0.1579394026759017,3.407346354055128,-0.41850756988554383,11119.84196955733,0.047701492047743856,36.75565328831303,0.8836735752711106,9.867384615431652,577.77157313006,-146.6117151785712,69.58196951026542,41.74426430940683,3.7471003087119237
1642,2018,1642_2018,-1.464029229611552,0.9395683079512698,-1.676981914319078,-0.08191650624199141,1,1,NA,1.2317651697763699,-1.3529942875514531,-1.8207474736456253,1.2133073503151204,-1.9702984578031446,0.8719910571746134,1.060258679063388,-0.9303310995700456,-0.6294910511073464,-1.064056432258916,16205.423525661618,0.033806937229963335,8.56464751636028,1.3533952021241844,9.372999099680746,1230.5744602342363,-147.35701500429204,69.36547931905218,1.7544087106603408,2.2592504308466212
1642,2019,1642_2019,0.49997190170103284,-0.2720244745375989,0.7760228782715608,0.7054096785465599,1,NA,1,-1.0389120952627693,1.2378410253819079,-1.5058140757240477,1.1446473656339415,-1.0583174381108797,-1.2022390182721119,1.312234320460546,-1.0298733306081367,-0.7618757834746162,-0.43248440200362637,9322.905688009247,0.05382652660756742,12.743297251409903,1.33609508226828,9.827464745289896,351.88017415925486,-146.96286832292282,69.33757907527965,0.44297458550197477,3.71488674724211
1643,2016,1643_2016,1.1537994945262657,-0.8009091688172254,0.08129318984704377,-1.3696155774678103,1,0,NA,-1.2238483374850977,0.6290536688641601,-1.5051232282311504,1.2445864891888865,-1.20193510553064,-1.3462161867270093,1.3265725209392316,-0.2268684794630868,-0.5823484612988228,-1.4076451341803493,8762.356196665467,0.04912237855349315,12.75246366472842,1.3612765445686719,9.755896045354863,290.8879454069422,-146.94044014651598,69.56264968966946,2.221414232503478,1.4673531199130456
1643,2017,1643_2017,-0.3661645006384311,0.8124679286942499,0.3108554617286773,1.0270531923306805,1,0,0,-0.26195426344541944,-0.041362839805792855,-1.5672712810690288,1.2911234777953633,-0.622447354359975,-0.5463173905161484,1.5130906895417824,0.026751115827346447,-0.7128216025185289,-0.6252167304208577,11677.897398596726,0.04394201716636062,11.927860919390127,1.3730023770803357,10.044670997104667,629.7445216319127,-146.64868370227347,69.63373558417173,0.9289167763962739,3.270680602656855
1643,2018,1643_2018,-1.464029229611552,0.9395683079512698,-1.676981914319078,-0.08191650624199141,0,NA,0,0.30442248799552163,-0.6455129401726815,-1.5352577099680382,1.0865180756827748,0.03362142205020337,0.1215074401544123,1.3794765626353975,-0.3098719553920681,-0.7160038538691018,-0.46584807208460216,13394.60903993898,0.0392737015573343,12.352628509242438,1.3214483606302911,10.371608415315265,912.6513552351387,-146.8576863043194,69.53938501910466,0.8973926501519053,3.637990736190963
1701,2017,1701_2017,-0.3661645006384311,0.8124679286942499,0.3108554617286773,1.0270531923306805,1,0,1,-0.5095498548345925,0.13680114137430832,-1.5832897234992998,1.0495932076778087,0.31044616175547374,-0.7516472203763318,1.685334838074485,0.5356230300688694,-0.6643329949500373,-0.2749134098113742,10927.42479709706,0.04531870434030009,11.715322456785321,1.3121444750393514,10.509557924498244,542.7618139783107,-146.37925504181646,69.77636500194018,1.4092562650188587,4.078053650869554
1701,2018,1701_2018,-1.464029229611552,0.9395683079512698,-1.676981914319078,-0.08191650624199141,1,1,0,1.4439364676784174,-0.7995550102352846,-1.3336133814979871,1.0745414984977335,-0.07054033410961284,1.326908315410084,-0.3760249800885311,1.6799187884117752,-0.45922739481476227,0.9622809827493604,16848.523610791297,0.03808340629845199,15.028118074008939,1.318430646284347,10.319701699343339,1423.2884702084261,-149.6036862881535,70.09709450812764,3.441080316543611,6.929517936778974
1701,2019,1701_2019,0.49997190170103284,-0.2720244745375989,0.7760228782715608,0.7054096785465599,1,1,1,-0.9381911198054722,1.3678928882079169,-1.282312256811671,0.9006627067667773,1.2248926692795954,-1.1999876806192136,-1.0886652993593793,1.3210564732618164,-0.6728336615315377,-0.6664489550872946,9628.195180657003,0.05483144763769704,15.708799870518822,1.2746187527729582,10.965252191641234,352.83389552075863,-150.71841632829967,69.99651060550616,1.325046673457761,3.175649282783518
1703,2017,1703_2017,-0.3661645006384311,0.8124679286942499,0.3108554617286773,1.0270531923306805,1,1,0,1.7115449177158482,-1.222777133060345,-0.9967046200119704,0.8827761761407997,1.025420364238317,0.7704287263938988,-0.5215677875014684,-0.30851543009410604,-0.6390995058774643,-0.18405046841749836,17659.656024563614,0.03481313548186244,19.498344846432754,1.2701119192064698,10.865849563807686,1187.5501878577734,-149.83134803442744,69.53976523347299,1.659225110178261,4.287472990187
1703,2018,1703_2018,-1.464029229611552,0.9395683079512698,-1.676981914319078,-0.08191650624199141,1,NA,1,1.4206843467767585,-0.2325652520111801,-0.8083818950509626,0.910978785128398,0.6205495329062569,1.3410498169948284,-0.437510175675869,1.7512018943584458,-0.7409120672730195,1.7955612620430044,16778.04545903768,0.042464581004652065,21.997078578566473,1.2772180745311505,10.664091106365527,1429.2791540704172,-149.69986298864612,70.11707412895827,0.6506460618519639,8.850047944711264
1703,2019,1703_2019,0.49997190170103284,-0.2720244745375989,0.7760228782715608,0.7054096785465599,1,1,NA,0.9650814420918099,-1.0246230954521673,-0.6632685049890562,0.9645856334081642,0.39647157015491313,0.6614814759355853,-4.653306365372767,1.935650555850614,-0.7317475255376472,-0.45475945582324984,15397.093984048413,0.03634428740287691,23.922495295041024,1.290725285531031,10.552426791199258,1141.3974839728476,-156.2943181839362,70.16877241385184,0.7414321559754341,3.6635475875956613
1704,2017,1704_2017,-0.3661645006384311,0.8124679286942499,0.3108554617286773,1.0270531923306805,1,1,0,1.346166705522937,-1.5481069577308761,-0.26071773911065793,0.5913066407275976,1.00771656776152,0.7822546809751032,0.01448121911644447,-0.5886201634098805,-0.628110097775508,-0.7178203736391994,16552.179369194935,0.03229928619561895,29.26368382024361,1.1966709197595908,10.857027266937653,1192.5599497163505,-148.99284659897836,69.4612559388766,1.7680887573865731,3.0572493238133918
1704,2018,1704_2018,-1.464029229611552,0.9395683079512698,-1.676981914319078,-0.08191650624199141,1,1,1,0.49125374505076586,-0.7518507394864823,-0.4260333271139052,0.6009967993532987,1.2706618170245183,0.3646290817395694,1.0662959614206944,-0.831934077032827,-0.6234595426745358,-0.19026961461888348,13960.902400563951,0.03845202097155825,27.070217066421083,1.199112529766144,10.9880602378941,1015.6435930832173,-147.34757133429113,69.39305857749004,1.8141582440357154,4.273139209344853
1704,2019,1704_2019,0.49997190170103284,-0.2720244745375989,0.7760228782715608,0.7054096785465599,1,1,1,-0.5247619959483225,0.6018921192135228,0.3573384042763288,0.25678164303716866,0.18508132645983355,-0.5534026446047112,-0.7244248768095302,0.3120413277228738,0.5143933397998225,0.7856222727168389,10881.316160622766,0.04891249911107907,37.46427530039184,1.112381321069555,10.447085121250055,626.7430357520645,-150.1486622323382,69.71369829321286,13.085995054846197,6.522357990466952
1706,2017,1706_2017,-0.3661645006384311,0.8124679286942499,0.3108554617286773,1.0270531923306805,1,1,1,-0.37729502498756706,0.47068632805179467,0.4678776058660375,0.3228069550083188,0.5161325342344059,-0.5463193982509665,1.3579827477373134,0.07031585047151387,-0.23886029792908162,0.2162432729328648,11328.294722362349,0.047898661585432746,38.930949233622805,1.1290175876799886,10.612057195912012,629.7436711066341,-146.89130747406847,69.64594614750533,5.624088324719422,5.210063097446632
1706,2018,1706_2018,-1.464029229611552,0.9395683079512698,-1.676981914319078,-0.08191650624199141,1,1,1,0.21566369509275116,-0.15248687169871283,0.016340388468015266,-0.23723542166101325,-0.05390069754306475,0.18523494343534466,1.4286651723538129,-0.43677361745342735,0.5854035731700962,-0.5643744485747071,13125.57742333393,0.0430833529828926,32.939790829028546,0.9879048232983076,10.327993695570925,939.6478748891698,-146.78074423494246,69.50381632358992,13.789439036731379,3.410908843910395
1707,2019,1707_2019,0.49997190170103284,-0.2720244745375989,0.7760228782715608,0.7054096785465599,1,1,1,-1.2201241098493039,-0.4557588126496982,0.3396970434082813,-0.5618214331984197,1.0902672854920519,1.2211526660258398,-0.5785866465628656,-0.5125011492538849,0.2121419618658104,-0.4267498882869165,8773.644486520427,0.04073994670875406,37.23020337152154,0.906119531192258,10.898164598108826,1378.4878061287334,-149.92053837818406,69.4825909946467,10.091822204920176,3.7281035554968023
1708,2019,1708_2019,0.49997190170103284,-0.2720244745375989,0.7760228782715608,0.7054096785465599,0,NA,1,-1.0640205867089487,0.26800475053587514,0.5745023753314185,-0.6986988308810497,0.6576689517244768,-0.12404279130749128,-1.0065713944507753,1.0411179121364218,1.396078813628663,-0.46370805439770524,9246.800799430159,0.046332525005458584,40.34568507179259,0.8716308053868339,10.682588750805047,808.6303076743974,-150.59000296262292,69.91804788656486,21.820177595078736,3.6429230120257823
1709,2017,1709_2017,-0.3661645006384311,0.8124679286942499,0.3108554617286773,1.0270531923306805,1,1,1,1.0116870370993356,-1.0489529372419637,0.411098541123561,-0.9662039022410476,1.1924592879793317,0.32924830791000254,-0.24566630167321324,-1.0406825151426204,1.283757802875552,-0.4484941078430201,15538.357493360103,0.036156288791069226,38.177584155773566,0.8042280843102179,10.94908973074168,1000.6554371554058,-149.39977594110496,69.33454941761225,20.707499389368003,3.677987853500393
1709,2018,1709_2018,-1.464029229611552,0.9395683079512698,-1.676981914319078,-0.08191650624199141,1,0,1,1.2306115471442065,-1.5478977288799463,1.0451336490821324,-0.9697619457519097,-0.18050559745038725,0.536922145163672,1.0396709219749363,-1.0945922699412916,0.4465221502596725,-1.2286745081456767,16201.926847174529,0.03230090292349843,46.59019029208108,0.803331571159563,10.264902933448399,1088.6311233254967,-147.38921889546285,69.31943929515553,12.413647175401072,1.8798415303304632
1709,2019,1709_2019,0.49997190170103284,-0.2720244745375989,0.7760228782715608,0.7054096785465599,1,1,0,1.4303191206961352,-0.6492882086558536,1.5539401806202295,-1.3941653441266693,-1.0729195397349525,1.763720476374766,-0.5565176264750321,0.3710077306298911,-0.5873547268031505,0.580697475371074,16807.248862085235,0.03924452975917097,53.34121858007681,0.6963954905118614,9.820188109703693,1608.3327208299813,-149.88601745790598,69.73022572080151,2.1718209953938956,6.0500508538986875
1710,2017,1710_2017,-0.3661645006384311,0.8124679286942499,0.3108554617286773,1.0270531923306805,1,1,1,-1.3366344239823844,2.3132882117165603,1.4461085544024517,-1.3447640709768807,-1.2925449495149406,-1.4029226057381035,-0.7013001548988719,1.7766703084364628,-0.23337276693462902,0.5272191511282724,8420.496847427125,0.062136592075736054,51.91046973191213,0.7088430311061997,9.710742626198437,266.86572773753016,-150.11248995652562,70.12421255607474,5.678449090347775,5.926794935050715
1710,2018,1710_2018,-1.464029229611552,0.9395683079512698,-1.676981914319078,-0.08191650624199141,0,NA,1,-0.9793032741782037,1.4173431186394434,0.9021963752197105,-1.5160352526478766,-1.1213522765101667,-1.506761272856613,-1.1168284201647598,2.4214453552326005,-0.27454345181230017,-0.40315307978247195,9503.582519856982,0.0552135534793633,44.69364706898775,0.66568817191814,9.79605272254992,222.8771439489041,-150.76246979529708,70.30493365099551,5.2706026556476635,3.7824890725315186
1711,2017,1711_2017,-0.3661645006384311,0.8124679286942499,0.3108554617286773,1.0270531923306805,1,1,1,-1.2658521504789813,1.7413347219355735,1.0122765488470356,-1.6387925852041563,-1.4564252377981985,0.0860622802254352,1.6940408910307425,-0.039123945590460923,-0.2435958509839584,1.6410719752748868,8635.040881261173,0.05771706222320407,46.15423045391214,0.6347572508543473,9.629076495644101,897.6359237903418,-146.36563681323886,69.61527175979367,5.577176828456891,8.49398370256487
1713,2017,1713_2017,-0.3661645006384311,0.8124679286942499,0.3108554617286773,1.0270531923306805,1,1,1,1.036590340761161,-0.8910948740378838,0.23219934020809455,-1.605832514516935,-0.4623204418108,0.46123884253538694,-0.6303185901910789,0.0884988368743895,1.483831077594789,-0.26576698781246044,15613.840449175945,0.03737607053077058,35.80388513420408,0.6430621343464684,10.124466715567774,1056.5698364133227,-150.00145879489094,69.65104257489963,22.689472048202052,4.099134166454318
1713,2018,1713_2018,-1.464029229611552,0.9395683079512698,-1.676981914319078,-0.08191650624199141,1,1,1,0.3399683107480074,-0.5196010584693358,0.3253024766930658,-1.954479589673383,-1.1256269456466415,0.05542956896600501,1.4492038288694502,-0.2611383211055936,-0.5803859191635268,-0.49195414809708,13502.349916599316,0.04024663262588936,37.039211076681894,0.5552142238695751,9.79392253537834,884.6591625962641,-146.74861714813147,69.55304435004726,2.240855633957144,3.5778219027057574
1714,2017,1714_2017,-0.3661645006384311,0.8124679286942499,0.3108554617286773,1.0270531923306805,1,1,1,0.2777885873459084,-0.3987737680290615,-1.245479079928869,1.1180619445715372,-1.1957594129209352,-0.001242158115678891,-0.36518591235493486,0.09036172960900728,-0.7441990608337241,-0.9143275738087263,13313.880572212825,0.04118027465560374,16.197515725484077,1.3293964065704196,9.758973565685165,860.6516412715375,-149.58673154382726,69.65156471671699,0.6180843347736112,2.6043429199558004
1714,2018,1714_2018,-1.464029229611552,0.9395683079512698,-1.676981914319078,-0.08191650624199141,1,1,1,0.18407883451269996,-0.5038157808605747,-1.5914221833385394,1.0539548378522816,-0.47606490441150195,-0.14278490998316856,1.3360421924634347,-0.2157847436416824,-0.6704989117029196,-0.7578632375275934,13029.842388818483,0.04036860671446278,11.607418051038547,1.3132434663242445,10.117617465490742,800.6906905681755,-146.92562744643027,69.56575630008096,1.348175251385183,2.96495922213668
1714,2019,1714_2019,0.49997190170103284,-0.2720244745375989,0.7760228782715608,0.7054096785465599,1,1,1,0.5683686166000188,-0.5885829540170471,-1.177350338268133,1.0723823366520293,-0.3558748709228745,0.28674881961402043,-0.43549937245084125,-0.8250451896665242,-0.6703412833851623,-0.4931630554347998,14194.640804148512,0.039713604063070215,17.101472403844337,1.3178866065661263,10.177511520285464,982.6516207182407,-149.69671763930347,69.39498943271437,1.3497367543719845,3.5750356339357
1715,2017,1715_2017,-0.3661645006384311,0.8124679286942499,0.3108554617286773,1.0270531923306805,1,0,0,-0.6724750722058898,-0.9238054478896975,-1.0507557899959585,1.1394909537891882,-0.5220773525329964,-0.022433010270380558,0.8344486048472814,-0.22198746048402132,-0.6885085932370241,0.2524605770410742,10433.59164342693,0.03712331333947011,18.781174458587905,1.3347958314258153,10.09468817585635,851.6746811330216,-147.71023284264544,69.56401776850348,1.1697671334344277,5.293536114959044
1715,2018,1715_2018,-1.464029229611552,0.9395683079512698,-1.676981914319078,-0.08191650624199141,1,NA,0,-0.8496915202971792,0.45367779312652223,-1.176760631973006,1.0270034764645943,0.42465936407524574,0.5699097671176332,1.4329875221697144,-0.7492396485873126,-0.6619028399227832,0.16948336676474848,9896.441171233924,0.04776723529082467,17.10929683932864,1.3064525853700488,10.566473557179787,1102.6054819394535,-146.77398310586582,69.41623662652711,1.433329949160354,5.102291672638534
1715,2019,1715_2019,0.49997190170103284,-0.2720244745375989,0.7760228782715608,0.7054096785465599,1,0,NA,-1.886503214400721,0.4974825536476999,-1.12425874618782,1.0440952494332694,0.32556739847997335,-0.7610178059155094,1.358453770651107,-0.22464871996194222,-0.6927189765837999,-0.4582146286862097,6753.82152694414,0.04810571813998167,17.805910766507306,1.310759165429468,10.517093259622573,538.7922061378309,-146.89057068809467,69.5632718560661,1.1280580911436464,3.6555841648064735
1716,2017,1716_2017,-0.3661645006384311,0.8124679286942499,0.3108554617286773,1.0270531923306805,1,1,0,1.3279513881226206,-0.8745909984089288,-0.6850537817303024,0.8078001939594265,1.0894321698858505,1.1290884107275265,-0.14893606771973336,-0.32263065064438373,-0.6691901252222363,-0.035669957462860946,16496.967979687313,0.037503597283081454,23.633440398089576,1.2512203700155555,10.897748436648296,1339.4871494320776,-149.2484680587659,69.53580894185536,1.3611403964032085,4.629457831256646
1716,2018,1716_2018,-1.464029229611552,0.9395683079512698,-1.676981914319078,-0.08191650624199141,1,1,1,0.056502619311285925,1.1813078881492405,-0.35733016555945735,0.7929919018079502,0.8319678502729466,0.4495328824842791,0.591441692996873,-0.49321802595683145,-0.6753321309112942,2.8219138608165157,12643.153540384192,0.053389690584846876,27.981795354786843,1.2474891540784798,10.769446766210372,1051.610907154853,-148.09035041006004,69.48799577445797,1.3002962513608542,11.215567702762801
1716,2019,1716_2019,0.49997190170103284,-0.2720244745375989,0.7760228782715608,0.7054096785465599,1,1,1,-1.1342714194322256,0.8254528973106522,-0.16729465056654289,0.8721468730051544,0.6763173446039091,-1.07249027615838,1.4449486015024913,-0.31239170203174266,-0.6813530702765785,-0.6113601067526426,9033.867584846028,0.050639970925323755,30.503255001860854,1.2674336748246033,10.691881766478097,406.8448956095492,-146.7552732825731,69.53867877066358,1.2406514176406218,3.302617109765832
1718,2017,1718_2017,-0.3661645006384311,0.8124679286942499,0.3108554617286773,1.0270531923306805,1,1,0,-0.49409140821358727,-1.1029114934648119,-0.22598006114070793,0.5701204251624329,1.0528483487442912,0.36463271180145745,-0.18285072707450628,-0.9633249197608859,-0.6970514854038067,-0.09775528450193978,10974.279995873901,0.035739346759440536,29.724595841017972,1.1913326711381802,10.879517695509014,1015.6451308656826,-149.30151822806135,69.35623162973769,1.0851392453484703,4.486364640893476
1718,2019,1718_2019,0.49997190170103284,-0.2720244745375989,0.7760228782715608,0.7054096785465599,1,NA,NA,-1.9274047685131712,0.15865629993817193,0.05693360038130625,0.34769833078970136,0.7507491574012124,0.6925911134144153,-0.8444046272648075,-0.5328812684382302,-0.17632966039230455,-0.4431896962210651,6629.847204348458,0.04548758087909313,33.47839618281362,1.13528941815586,10.728973220276336,1154.5762827079034,-150.33633759735065,69.47687874279714,6.243531446801925,3.690213369869297
1722,2019,1722_2019,0.49997190170103284,-0.2720244745375989,0.7760228782715608,0.7054096785465599,1,1,1,0.3809265130710181,0.4252280029328471,0.11442410141430069,0.1951020305500278,0.6956302805327328,-0.08156934965299507,-0.8098542289827649,1.0600215169200702,-0.2142748447149236,1.0460967270764365,13626.49594229242,0.0475474015118449,34.24120085356249,1.0968400317196059,10.701505942536567,826.6230901210154,-150.2822929891205,69.9233462928407,5.867637575082243,7.122695017909206
1727,2019,1727_2019,0.49997190170103284,-0.2720244745375989,0.7760228782715608,0.7054096785465599,1,1,1,-0.357577505490006,0.40678123119347476,0.5826222082952807,-0.35402723810919395,0.20972695797574478,-0.9545645911528896,-0.8662482843295212,0.7335138436792804,0.7119181709441724,0.6239699134980413,11388.05934930676,0.047404861847621126,40.45342193960976,0.9584770214698551,10.459366728648094,456.8010826412535,-150.37050599907903,69.8318309271309,15.042722235516834,6.14978442254822
1737,2019,1737_2019,0.49997190170103284,-0.2720244745375989,0.7760228782715608,0.7054096785465599,0,NA,0,-0.35050829999547767,-0.09279784316088859,0.9722153920395119,-0.7744878810046416,-0.5113087784283251,-0.869570669546736,1.2878504894487655,-0.10559051432538089,-0.20802072876685127,-0.7642377916702148,11409.486407067558,0.043544574827334113,45.62268459887004,0.8525343890827577,10.10005445747526,492.8065741007038,-147.00101012908738,69.59664214449282,5.929592310574288,2.9502672597534216
1915,2019,1915_2019,0.49997190170103284,-0.2720244745375989,0.7760228782715608,0.7054096785465599,1,1,NA,-0.15446860598424203,-0.21550794761703698,1.5903096870293303,-1.3196446256400294,-1.775353942519715,-0.4919510190564414,-0.6331335668016175,-0.9422695254732044,-0.2816343696131904,-0.08488067722207161,12003.690925558205,0.042596384144803386,53.823782288223505,0.7151723278145995,9.470145403258579,652.7754382702157,-150.00586205261467,69.3621331514057,5.200358365263923,4.51603781357709
924,2017,924_2017,-0.3661645006384311,0.8124679286942499,0.3108554617286773,1.0270531923306805,1,0,1,-0.29621444622531207,1.1361115654479614,-1.1478126865673781,0.6798930706537527,-0.45661548182590234,-0.18769390984560613,0.9426539134330337,0.45902683325446303,-0.7567951238351497,0.6537785921041888,11574.053350508379,0.053040455024662675,17.493388603485005,1.2189918664135342,10.127309656667125,781.6661464543952,-147.54097535787776,69.75489619879116,0.4933047883158939,6.218486950596098
924,2018,924_2018,-1.464029229611552,0.9395683079512698,-1.676981914319078,-0.08191650624199141,1,1,0,1.3202881208889667,-0.33361412284869285,-0.8485293645210509,0.7811300659534274,-0.2957514462257272,1.022606562744694,-0.68919473459149,1.387124663432015,-0.5451008849439655,0.010227625235362713,16473.74029592865,0.041683768387524675,21.4643874960352,1.2445003508775003,10.207472704160148,1294.3788499715808,-150.09355435142396,70.01502856107271,2.5903974365158966,4.7352417878123125
924,2019,924_2019,0.49997190170103284,-0.2720244745375989,0.7760228782715608,0.7054096785465599,1,0,1,-1.1341301427329078,1.5629211542283572,-0.7638261885579973,0.8022335621409993,0.3583253971645607,-1.7285387017352074,-1.2333289733622486,2.636302972082641,-0.559485660379104,-0.5052784497849678,9034.295800435302,0.05633844647442927,22.588259737378152,1.2498177568617708,10.533417486442643,128.92683349742168,-150.94470291182319,70.36515512507728,2.4478984862891826,3.547112282110844
